Date String (YYYY-MM-DD hh:mm:ss) UTC,Semicolon delimited list of cut sizes present,total light scattering coefficient at STP (Mm⁻¹),total light scattering coefficient at STP (Mm⁻¹),total light scattering coefficient at STP (Mm⁻¹),backwards hemispheric light scattering coefficient at STP (Mm⁻¹),backwards hemispheric light scattering coefficient at STP (Mm⁻¹),backwards hemispheric light scattering coefficient at STP (Mm⁻¹),light absorption coefficient at STP (Mm⁻¹),light absorption coefficient at STP (Mm⁻¹),light absorption coefficient at STP (Mm⁻¹),measurement cell temperature (°C),measurement cell relative humidity (%),measurement cell pressure (hPa)
DateTimeUTC,Size,BsB_S11,BsG_S11,BsR_S11,BbsB_S11,BbsG_S11,BbsR_S11,BaB_A11,BaG_A11,BaR_A11,T_S11,U_S11,P_S11
2024-09-24 03:00:00,PM10,,,,,,,,,,,,
2024-09-24 03:01:00,PM10,0017.88,0013.12,0010.01,0002.48,0002.18,0001.70,0004.97,0004.64,0003.90,029.8,035.2,0893.6
2024-09-24 03:02:00,PM10,0019.38,0015.18,0011.04,0002.99,0002.17,0001.26,0005.49,0004.50,0004.31,029.8,035.3,0893.6
2024-09-24 03:03:00,PM10,0020.31,0014.98,0010.51,0002.57,0003.06,0001.71,0004.76,0004.06,0003.67,029.8,035.4,0893.6
2024-09-24 03:04:00,PM10,0020.81,0015.60,0011.03,0002.99,0002.70,0001.56,0005.21,0004.59,0002.09,029.8,035.3,0893.6
2024-09-24 03:05:00,PM10,0020.32,0015.37,0011.22,0003.31,0002.89,0001.40,0004.86,0004.45,0003.44,029.8,035.3,0893.6
2024-09-24 03:06:00,PM10,0020.78,0015.81,0011.38,0003.11,0002.47,0001.77,0005.50,0004.63,0003.99,029.8,035.2,0893.6
2024-09-24 03:07:00,PM10,0020.20,0014.82,0010.74,0003.21,0002.63,0002.48,0005.63,0005.09,0004.01,029.8,035.2,0893.6
2024-09-24 03:08:00,PM10,0019.35,0014.81,0010.47,0003.14,0002.52,0001.62,0005.61,0005.13,0004.13,029.8,035.3,0893.6
2024-09-24 03:09:00,PM10,0017.86,0013.43,0009.56,0003.22,0002.93,0001.31,0005.50,0004.37,0004.38,029.8,035.4,0893.6
2024-09-24 03:10:00,PM10,0016.74,0013.43,0009.04,0002.85,0002.59,0001.71,0006.59,0005.62,0003.48,029.8,035.5,0893.6
2024-09-24 03:11:00,PM10,0018.45,0013.12,0010.22,0003.18,0002.65,0001.95,0005.49,0004.49,0004.39,029.8,035.5,0893.6
2024-09-24 03:12:00,PM10,0017.40,0012.98,0008.33,0002.84,0002.35,0001.59,0005.19,0004.36,0002.60,029.8,035.5,0893.6
2024-09-24 03:13:00,PM10,0022.34,0016.02,0010.96,0003.94,0003.48,0002.41,0009.46,0007.35,0004.34,029.8,035.4,0893.6
2024-09-24 03:14:00,PM10,0049.05,0033.95,0020.67,0009.80,0007.52,0004.43,0023.26,0016.08,0009.00,029.8,035.3,0893.6
2024-09-24 03:15:00,PM10,0066.45,0043.44,0027.19,0013.03,0009.52,0006.54,0032.53,0022.19,0011.55,029.8,035.3,0893.6
2024-09-24 03:16:00,PM10,0054.12,0036.21,0022.06,0010.37,0007.77,0005.38,0025.41,0018.06,0010.18,029.8,035.3,0893.6
2024-09-24 03:17:00,PM10,0036.95,0025.58,0017.67,0006.77,0005.12,0003.74,0016.63,0012.00,0008.14,029.8,035.4,0893.6
2024-09-24 03:18:00,PM10,0039.94,0028.10,0018.32,0006.74,0005.62,0003.92,0017.01,0012.52,0007.10,029.8,035.5,0893.6
2024-09-24 03:19:00,PM10,0035.40,0024.69,0016.74,0006.27,0005.05,0003.43,0013.65,0010.06,0005.95,029.8,035.5,0893.6
2024-09-24 03:20:00,PM10,0035.68,0025.01,0015.80,0006.26,0004.55,0003.68,0013.36,0010.18,0006.79,029.8,035.5,0893.6
2024-09-24 03:21:00,PM10,0039.86,0027.84,0018.28,0007.69,0005.64,0003.70,0014.81,0010.87,0007.39,029.8,035.4,0893.6
2024-09-24 03:22:00,PM10,0039.27,0028.09,0017.80,0006.59,0005.50,0004.01,0013.88,0010.43,0005.20,029.8,035.3,0893.7
2024-09-24 03:23:00,PM10,0038.19,0027.35,0018.30,0006.48,0004.94,0003.58,0013.06,0010.26,0006.59,029.8,035.3,0893.7
2024-09-24 03:24:00,PM10,0035.44,0025.67,0016.58,0005.69,0004.87,0003.06,0011.65,0008.79,0006.51,029.8,035.3,0893.7
2024-09-24 03:25:00,PM10,0039.04,0027.89,0019.47,0006.37,0005.28,0003.98,0013.45,0010.72,0006.70,029.8,035.4,0893.6
2024-09-24 03:26:00,PM10,0037.34,0025.69,0018.08,0006.02,0004.62,0003.33,0012.03,0008.82,0007.03,029.8,035.5,0893.6
2024-09-24 03:27:00,PM10,0037.47,0026.94,0017.32,0006.52,0004.94,0003.80,0011.46,0008.77,0005.98,029.8,035.6,0893.6
2024-09-24 03:28:00,PM10,0038.47,0026.50,0017.75,0006.01,0005.11,0003.23,0011.81,0009.04,0006.83,029.8,035.5,0893.6
2024-09-24 03:29:00,PM10,0038.54,0027.15,0018.23,0006.94,0005.19,0003.12,0011.35,0008.98,0005.22,029.8,035.4,0893.7
2024-09-24 03:30:00,PM1,,,,,,,,,,,,
2024-09-24 03:31:00,PM1,0031.82,0021.40,0014.29,0005.21,0004.18,0002.68,0010.24,0007.81,0004.88,029.8,034.9,0886.0
2024-09-24 03:32:00,PM1,0030.33,0020.82,0013.37,0005.19,0004.28,0002.57,0010.71,0008.10,0004.65,029.8,034.8,0886.0
2024-09-24 03:33:00,PM1,0027.52,0018.94,0012.95,0004.50,0003.38,0002.51,0008.93,0006.70,0005.00,029.8,034.9,0886.0
2024-09-24 03:34:00,PM1,0026.66,0018.01,0012.27,0004.33,0003.41,0002.28,0008.66,0007.12,0005.45,029.8,035.0,0885.9
2024-09-24 03:35:00,PM1,0023.11,0016.63,0011.00,0004.03,0003.42,0002.07,0006.62,0005.84,0003.84,029.8,035.1,0885.9
2024-09-24 03:36:00,PM1,0021.18,0014.88,0010.30,0003.61,0003.05,0001.82,0005.73,0004.87,0004.98,029.8,035.0,0885.8
2024-09-24 03:37:00,PM1,0023.31,0017.01,0010.98,0004.17,0002.91,0001.71,0008.02,0005.85,0002.71,029.8,034.9,0885.8
2024-09-24 03:38:00,PM1,0021.41,0015.04,0010.47,0003.86,0002.93,0001.92,0007.05,0005.28,0003.64,029.8,034.9,0885.8
2024-09-24 03:39:00,PM1,0019.23,0013.83,0009.25,0003.24,0002.09,0002.15,0006.07,0004.87,0004.02,029.8,034.8,0885.8
2024-09-24 03:40:00,PM1,0022.82,0015.59,0009.92,0003.80,0002.61,0001.54,0007.83,0006.34,0004.81,029.8,034.8,0885.8
2024-09-24 03:41:00,PM1,0026.47,0018.23,0012.38,0004.55,0003.50,0002.24,0009.06,0007.38,0004.04,029.8,034.9,0885.8
2024-09-24 03:42:00,PM1,0021.94,0015.89,0010.25,0003.64,0002.82,0002.05,0007.63,0005.66,0004.57,029.8,035.0,0885.8
2024-09-24 03:43:00,PM1,0022.67,0016.21,0010.57,0004.24,0002.58,0001.67,0006.43,0006.03,0003.84,029.8,035.0,0885.8
2024-09-24 03:44:00,PM1,0022.05,0015.73,0010.57,0003.25,0002.92,0001.81,0006.54,0004.43,0003.56,029.8,035.0,0885.8
2024-09-24 03:45:00,PM1,0022.38,0015.62,0012.30,0003.60,0003.23,0001.74,0006.52,0005.39,0004.60,029.8,034.9,0885.8
2024-09-24 03:46:00,PM1,0023.39,0016.29,0010.96,0003.37,0002.79,0002.12,0005.93,0005.08,0003.12,029.8,034.8,0885.9
2024-09-24 03:47:00,PM1,0024.39,0018.49,0011.19,0003.62,0003.00,0001.95,0007.19,0005.75,0004.49,029.8,034.7,0885.9
2024-09-24 03:48:00,PM1,0027.57,0019.91,0012.33,0004.66,0003.42,0002.53,0008.48,0006.45,0005.55,029.8,034.7,0885.9
2024-09-24 03:49:00,PM1,0023.08,0017.04,0011.62,0004.08,0002.81,0001.41,0005.84,0005.10,0003.52,029.8,034.8,0885.9
2024-09-24 03:50:00,PM1,0026.09,0018.00,0012.26,0003.74,0003.13,0002.20,0007.20,0005.73,0004.21,029.8,034.9,0885.9
2024-09-24 03:51:00,PM1,0025.35,0019.00,0012.35,0004.38,0002.46,0002.23,0007.20,0005.82,0003.98,029.8,034.9,0885.9
2024-09-24 03:52:00,PM1,0026.54,0019.54,0012.86,0004.12,0002.82,0002.27,0006.23,0005.70,0003.62,029.8,034.9,0885.9
2024-09-24 03:53:00,PM1,0028.18,0020.08,0013.04,0004.84,0003.62,0002.42,0007.63,0006.02,0004.82,029.8,034.9,0885.9
2024-09-24 03:54:00,PM1,0026.14,0018.83,0012.43,0004.08,0003.16,0002.99,0007.18,0005.36,0003.35,029.8,034.8,0885.9
2024-09-24 03:55:00,PM1,0023.57,0016.51,0011.04,0003.92,0003.02,0001.85,0006.77,0005.49,0004.10,029.8,034.7,0885.9
2024-09-24 03:56:00,PM1,0024.44,0017.35,0011.00,0003.78,0003.41,0002.27,0006.76,0005.26,0003.76,029.8,034.7,0885.9
2024-09-24 03:57:00,PM1,0018.89,0013.09,0008.89,0003.11,0002.64,0001.82,0005.50,0005.06,0003.77,029.8,034.8,0885.9
2024-09-24 03:58:00,PM1,0020.21,0014.25,0010.07,0003.17,0002.55,0001.78,0005.90,0004.90,0004.65,029.8,034.9,0885.9
2024-09-24 03:59:00,PM1,0021.59,0015.32,0010.90,0003.52,0002.90,0001.97,0006.27,0004.93,0004.00,029.8,035.0,0885.9
2024-09-24 04:00:00,PM10,,,,,,,,,,,,
2024-09-24 04:01:00,PM10,0018.82,0013.76,0009.70,0002.92,0002.07,0001.27,0004.95,0004.16,0003.06,029.8,035.1,0893.6
2024-09-24 04:02:00,PM10,0017.26,0013.29,0008.77,0002.34,0002.36,0001.76,0004.89,0004.39,0004.00,029.8,035.1,0893.6
2024-09-24 04:03:00,PM10,0018.88,0014.78,0009.61,0003.18,0002.56,0001.66,0005.41,0004.51,0003.16,029.8,035.1,0893.6
2024-09-24 04:04:00,PM10,0022.37,0016.47,0010.94,0004.24,0003.51,0002.11,0006.02,0004.32,0002.26,029.8,035.0,0893.7
2024-09-24 04:05:00,PM10,0018.74,0014.41,0009.44,0003.15,0002.37,0001.38,0005.01,0004.59,0004.80,029.8,035.1,0893.7
2024-09-24 04:06:00,PM10,0017.37,0013.07,0009.60,0002.75,0002.41,0001.41,0005.37,0004.82,0002.90,029.8,035.2,0893.7
2024-09-24 04:07:00,PM10,0015.97,0011.71,0008.15,0002.11,0001.60,0001.50,0004.24,0003.68,0003.35,029.8,035.2,0893.7
2024-09-24 04:08:00,PM10,0020.83,0015.21,0011.69,0003.67,0002.70,0001.96,0005.69,0004.71,0003.74,029.8,035.3,0893.6
2024-09-24 04:09:00,PM10,0021.46,0016.50,0010.77,0002.71,0002.49,0001.90,0005.31,0004.80,0002.32,029.8,035.2,0893.7
2024-09-24 04:10:00,PM10,0020.20,0015.03,0010.89,0002.89,0002.51,0001.34,0005.77,0003.77,0003.97,029.8,035.1,0893.7
2024-09-24 04:11:00,PM10,0025.48,0018.68,0014.29,0004.23,0003.90,0002.46,0006.46,0005.50,0003.67,029.8,035.1,0893.7
2024-09-24 04:12:00,PM10,0026.86,0019.29,0012.86,0004.54,0003.61,0002.35,0007.62,0006.89,0004.34,029.8,035.0,0893.7
2024-09-24 04:13:00,PM10,0023.53,0017.06,0012.61,0003.36,0003.01,0002.16,0007.03,0005.15,0004.63,029.8,035.1,0893.7
2024-09-24 04:14:00,PM10,0024.27,0017.39,0012.10,0003.41,0002.87,0001.96,0006.25,0005.16,0004.03,029.8,035.2,0893.7
2024-09-24 04:15:00,PM10,0023.41,0017.05,0012.47,0003.29,0002.96,0002.00,0006.34,0005.93,0003.63,029.8,035.3,0893.7
2024-09-24 04:16:00,PM10,0023.87,0017.33,0011.77,0003.51,0002.37,0001.54,0005.00,0004.11,0003.74,029.8,035.4,0893.6
2024-09-24 04:17:00,PM10,0024.26,0017.92,0012.96,0003.85,0003.12,0002.37,0006.56,0005.33,0003.06,029.9,035.3,0893.6
2024-09-24 04:18:00,PM10,0021.84,0016.50,0012.70,0003.16,0002.79,0001.35,0005.49,0004.87,0005.02,029.9,035.2,0893.6
2024-09-24 04:19:00,PM10,0019.93,0014.83,0010.78,0002.65,0002.70,0001.31,0004.68,0003.56,0003.42,029.8,035.1,0893.6
2024-09-24 04:20:00,PM10,0020.16,0014.94,0010.84,0002.96,0002.07,0001.61,0004.88,0004.78,0003.46,029.9,035.0,0893.5
2024-09-24 04:21:00,PM10,0019.71,0014.67,0010.26,0002.90,0002.28,0001.71,0004.03,0004.30,0003.67,029.9,035.0,0893.5
2024-09-24 04:22:00,PM10,0022.45,0016.65,0012.01,0003.31,0002.73,0001.64,0006.00,0005.09,0003.51,029.9,035.0,0893.5
2024-09-24 04:23:00,PM10,0020.48,0015.55,0010.76,0003.12,0002.20,0001.98,0004.65,0004.09,0004.11,029.9,035.1,0893.5
2024-09-24 04:24:00,PM10,0019.84,0014.53,0010.71,0002.58,0002.26,0001.31,0004.93,0004.65,0003.27,029.9,035.2,0893.5
2024-09-24 04:25:00,PM10,0019.70,0015.74,0010.96,0002.97,0002.62,0001.73,0005.42,0004.61,0003.84,029.9,035.1,0893.4
2024-09-24 04:26:00,PM10,0020.49,0014.52,0011.62,0003.70,0002.99,0002.21,0006.53,0004.68,0003.14,029.9,035.0,0893.4
2024-09-24 04:27:00,PM10,0020.38,0014.72,0011.49,0002.78,0002.32,0001.54,0004.93,0004.83,0003.39,029.9,035.0,0893.4
2024-09-24 04:28:00,PM10,0022.22,0017.37,0011.34,0003.63,0002.89,0001.73,0005.29,0004.42,0004.50,029.9,034.9,0893.4
2024-09-24 04:29:00,PM10,0024.50,0017.19,0012.61,0003.80,0002.89,0002.66,0006.10,0005.31,0004.25,029.9,034.9,0893.3
2024-09-24 04:30:00,PM1,,,,,,,,,,,,
2024-09-24 04:31:00,PM1,0024.21,0017.58,0011.79,0003.00,0002.94,0001.48,0006.04,0005.15,0003.66,029.9,034.7,0885.7
2024-09-24 04:32:00,PM1,0023.81,0017.39,0011.77,0003.17,0002.74,0001.73,0004.95,0004.52,0003.79,029.9,034.7,0885.7
2024-09-24 04:33:00,PM1,0023.76,0018.11,0011.56,0003.69,0003.27,0002.29,0005.21,0004.69,0003.11,029.9,034.6,0885.7
2024-09-24 04:34:00,PM1,0025.19,0017.84,0011.98,0003.30,0002.90,0002.06,0005.02,0004.39,0004.53,029.9,034.5,0885.6
2024-09-24 04:35:00,PM1,0025.23,0017.75,0012.24,0003.40,0002.84,0002.03,0005.42,0005.06,0003.84,029.9,034.3,0885.6
2024-09-24 04:36:00,PM1,0024.59,0017.98,0012.56,0003.27,0003.18,0002.19,0005.39,0004.71,0003.25,029.9,034.2,0885.6
2024-09-24 04:37:00,PM1,0026.17,0018.92,0012.48,0003.85,0002.76,0002.04,0005.74,0005.71,0005.08,029.9,034.2,0885.6
2024-09-24 04:38:00,PM1,0026.37,0018.67,0012.51,0003.43,0003.07,0002.11,0005.91,0004.88,0003.30,029.9,034.2,0885.6
2024-09-24 04:39:00,PM1,0027.02,0019.64,0013.04,0003.95,0003.40,0002.35,0005.98,0005.20,0004.38,029.9,034.2,0885.5
2024-09-24 04:40:00,PM1,0025.66,0018.76,0012.47,0003.14,0003.03,0002.51,0005.08,0004.81,0004.34,029.9,034.3,0885.5
2024-09-24 04:41:00,PM1,0024.61,0017.86,0012.99,0003.66,0002.90,0001.93,0005.33,0004.50,0003.37,029.9,034.2,0885.5
2024-09-24 04:42:00,PM1,0024.90,0017.27,0012.39,0003.53,0002.92,0002.44,0004.86,0004.72,0004.35,029.9,034.1,0885.5
2024-09-24 04:43:00,PM1,0023.35,0016.15,0011.62,0003.45,0002.51,0001.58,0004.80,0004.43,0002.27,029.9,034.1,0885.5
2024-09-24 04:44:00,PM1,0024.68,0017.73,0011.75,0003.70,0003.05,0002.38,0006.11,0004.30,0005.11,029.9,034.0,0885.5
2024-09-24 04:45:00,PM1,0025.09,0018.05,0012.24,0003.39,0002.55,0002.00,0005.27,0005.39,0003.55,029.9,033.9,0885.5
2024-09-24 04:46:00,PM1,0024.06,0017.36,0011.12,0003.54,0003.11,0001.92,0005.81,0005.13,0003.81,029.9,034.0,0885.5
2024-09-24 04:47:00,PM1,0023.74,0017.15,0011.96,0003.84,0002.71,0001.81,0005.67,0005.12,0004.35,029.9,034.1,0885.5
2024-09-24 04:48:00,PM1,0024.12,0017.24,0011.66,0003.90,0002.95,0001.76,0005.97,0005.34,0004.59,029.9,034.1,0885.5
2024-09-24 04:49:00,PM1,0023.08,0017.93,0013.04,0003.86,0002.80,0002.34,0005.73,0004.80,0003.73,029.9,034.1,0885.5
2024-09-24 04:50:00,PM1,0024.13,0017.12,0012.02,0003.72,0002.67,0001.65,0005.22,0004.73,0003.19,029.9,034.0,0885.4
2024-09-24 04:51:00,PM1,0023.76,0017.53,0011.49,0003.64,0002.88,0001.72,0005.35,0004.81,0004.25,029.9,033.9,0885.4
2024-09-24 04:52:00,PM1,0022.09,0016.54,0011.81,0003.52,0002.49,0002.17,0005.59,0005.37,0003.89,029.9,033.8,0885.4
2024-09-24 04:53:00,PM1,0023.93,0016.91,0010.78,0003.76,0003.23,0001.44,0005.66,0004.57,0005.19,029.9,033.8,0885.4
2024-09-24 04:54:00,PM1,0025.01,0018.59,0012.45,0003.74,0002.97,0001.92,0005.30,0005.24,0003.02,029.9,033.8,0885.3
2024-09-24 04:55:00,PM1,0025.62,0018.48,0012.31,0003.35,0002.79,0002.09,0006.35,0005.13,0004.46,029.9,033.8,0885.3
2024-09-24 04:56:00,PM1,0025.87,0018.94,0012.31,0003.83,0002.96,0002.01,0005.38,0005.08,0005.51,029.9,033.9,0885.3
2024-09-24 04:57:00,PM1,0027.33,0019.22,0011.94,0003.96,0002.93,0002.59,0005.39,0004.73,0003.62,029.9,033.8,0885.3
2024-09-24 04:58:00,PM1,0026.84,0019.74,0013.01,0003.92,0003.00,0002.46,0004.86,0004.67,0003.93,029.9,033.7,0885.3
2024-09-24 04:59:00,PM1,0027.84,0020.12,0014.00,0004.04,0003.20,0002.36,0005.79,0005.27,0003.20,029.9,033.6,0885.3
2024-09-24 05:00:00,PM10,,,,,,,,,,,,
2024-09-24 05:01:00,PM10,0029.71,0021.60,0015.07,0003.72,0003.63,0002.32,0006.24,0005.85,0005.19,029.9,033.7,0893.0
2024-09-24 05:02:00,PM10,0029.12,0021.48,0014.56,0003.86,0003.21,0002.69,0006.79,0005.56,0003.03,029.9,033.8,0893.0
2024-09-24 05:03:00,PM10,0029.70,0022.51,0015.40,0003.85,0003.51,0002.25,0006.50,0006.05,0006.68,029.9,033.9,0893.0
2024-09-24 05:04:00,PM10,0028.89,0021.91,0015.11,0003.78,0004.29,0002.34,0005.51,0005.40,0004.27,029.9,034.0,0893.0
2024-09-24 05:05:00,PM10,0029.61,0021.25,0015.37,0004.04,0003.82,0002.77,0005.47,0005.08,0004.18,029.9,034.0,0893.0
2024-09-24 05:06:00,PM10,0028.83,0020.72,0015.11,0003.97,0003.44,0002.06,0006.01,0005.08,0004.12,029.9,033.9,0893.0
2024-09-24 05:07:00,PM10,0027.25,0020.21,0014.34,0003.78,0003.12,0001.65,0005.58,0005.62,0004.65,029.9,033.8,0893.0
2024-09-24 05:08:00,PM10,0027.50,0020.17,0014.03,0004.05,0003.43,0002.37,0005.98,0004.87,0004.87,029.9,033.8,0893.0
2024-09-24 05:09:00,PM10,0027.10,0020.00,0013.34,0004.10,0003.21,0002.78,0006.19,0005.75,0003.30,029.9,033.7,0893.0
2024-09-24 05:10:00,PM10,0025.93,0019.80,0013.92,0003.72,0003.14,0002.17,0006.45,0005.81,0005.46,029.9,033.8,0893.0
2024-09-24 05:11:00,PM10,0025.95,0019.27,0013.55,0003.65,0003.17,0001.66,0006.20,0005.22,0005.18,029.9,033.8,0893.0
2024-09-24 05:12:00,PM10,0025.94,0018.75,0012.95,0003.53,0003.17,0002.09,0006.20,0006.16,0005.31,029.9,033.9,0893.0
2024-09-24 05:13:00,PM10,0025.40,0018.42,0014.24,0003.67,0002.88,0002.49,0005.28,0004.56,0002.99,029.9,033.9,0893.0
2024-09-24 05:14:00,PM10,0026.04,0019.64,0013.41,0003.91,0002.91,0002.49,0005.98,0005.34,0004.90,029.9,033.8,0893.0
2024-09-24 05:15:00,PM10,0026.37,0019.38,0013.61,0003.88,0003.36,0002.21,0005.56,0004.48,0004.46,029.9,033.7,0893.0
2024-09-24 05:16:00,PM10,0027.47,0019.28,0013.90,0003.41,0003.34,0002.39,0005.74,0005.97,0004.02,029.9,033.6,0893.0
2024-09-24 05:17:00,PM10,0027.70,0020.44,0013.93,0004.26,0003.05,0001.97,0006.41,0005.54,0004.54,029.9,033.6,0893.1
2024-09-24 05:18:00,PM10,0027.79,0021.09,0014.31,0003.93,0003.57,0002.04,0006.05,0006.12,0004.12,029.9,033.6,0893.1
2024-09-24 05:19:00,PM10,0028.99,0021.24,0014.69,0003.23,0003.66,0002.73,0005.92,0005.50,0005.23,029.9,033.7,0893.1
2024-09-24 05:20:00,PM10,0029.14,0021.34,0015.30,0004.16,0003.67,0002.87,0006.65,0006.29,0005.89,029.9,033.7,0893.1
2024-09-24 05:21:00,PM10,0029.83,0022.63,0014.48,0004.14,0003.65,0002.71,0005.93,0004.52,0003.45,029.9,033.8,0893.1
2024-09-24 05:22:00,PM10,0029.22,0022.17,0014.46,0004.29,0003.73,0002.59,0005.65,0005.60,0004.10,029.9,033.7,0893.1
2024-09-24 05:23:00,PM10,0031.48,0022.57,0015.50,0004.13,0003.52,0002.47,0006.35,0005.94,0005.44,029.9,033.6,0893.0
2024-09-24 05:24:00,PM10,0031.41,0022.33,0016.33,0005.09,0003.82,0002.98,0006.74,0005.65,0005.15,029.9,033.6,0893.0
2024-09-24 05:25:00,PM10,0031.03,0023.35,0016.56,0004.16,0003.21,0002.67,0006.07,0005.66,0004.61,029.9,033.5,0893.0
2024-09-24 05:26:00,PM10,0030.89,0022.37,0016.98,0004.46,0003.74,0002.90,0006.67,0006.63,0004.59,029.9,033.5,0893.0
2024-09-24 05:27:00,PM10,0031.86,0023.72,0016.79,0004.47,0003.83,0002.81,0006.35,0005.66,0006.25,029.9,033.6,0893.0
2024-09-24 05:28:00,PM10,0030.95,0022.44,0016.70,0004.33,0003.53,0002.39,0007.46,0006.54,0004.36,029.9,033.7,0893.0
2024-09-24 05:29:00,PM10,0029.28,0022.38,0015.65,0004.38,0003.60,0002.57,0006.42,0005.83,0005.89,029.9,033.7,0893.0
2024-09-24 05:30:00,PM1,,,,,,,,,,,,
2024-09-24 05:31:00,PM1,0025.71,0018.17,0011.76,0003.76,0003.07,0001.71,0004.96,0004.70,0004.70,029.9,033.3,0885.4
2024-09-24 05:32:00,PM1,0023.27,0016.96,0011.72,0004.09,0003.21,0002.09,0005.56,0004.34,0005.11,029.9,033.3,0885.4
2024-09-24 05:33:00,PM1,0024.17,0016.76,0012.23,0003.39,0002.88,0001.81,0006.30,0005.80,0003.79,029.9,033.3,0885.4
2024-09-24 05:34:00,PM1,0023.57,0017.43,0011.92,0004.17,0003.10,0001.90,0004.78,0005.06,0004.20,029.9,033.3,0885.4
2024-09-24 05:35:00,PM1,0023.41,0016.63,0011.67,0003.82,0002.88,0001.64,0006.93,0005.23,0003.94,029.9,033.4,0885.4
2024-09-24 05:36:00,PM1,0022.41,0015.85,0010.73,0003.43,0003.04,0001.56,0005.62,0004.79,0004.26,029.9,033.5,0885.4
2024-09-24 05:37:00,PM1,0021.95,0015.40,0010.72,0003.46,0003.46,0001.63,0005.23,0004.65,0003.81,029.9,033.6,0885.4
2024-09-24 05:38:00,PM1,0022.24,0015.86,0010.79,0003.07,0002.71,0002.21,0006.38,0005.93,0003.91,029.9,033.6,0885.3
2024-09-24 05:39:00,PM1,0024.49,0016.44,0013.28,0004.06,0003.64,0002.17,0008.49,0006.54,0005.27,029.9,033.6,0885.3
2024-09-24 05:40:00,PM1,0026.01,0018.76,0012.29,0005.02,0003.01,0002.00,0008.09,0007.24,0004.87,029.9,033.6,0885.3
2024-09-24 05:41:00,PM1,0027.41,0019.00,0011.90,0004.84,0003.36,0002.52,0009.83,0007.04,0005.09,029.9,033.6,0885.3
2024-09-24 05:42:00,PM1,0024.38,0016.97,0010.57,0004.38,0003.53,0002.24,0009.30,0007.70,0005.68,029.9,033.7,0885.3
2024-09-24 05:43:00,PM1,0022.39,0015.25,0010.34,0003.96,0002.96,0001.60,0008.31,0006.84,0004.76,029.9,033.8,0885.3
2024-09-24 05:44:00,PM1,0023.31,0016.75,0010.84,0003.96,0003.21,0001.87,0009.08,0007.24,0005.77,029.9,033.9,0885.3
2024-09-24 05:45:00,PM1,0025.26,0017.73,0012.06,0004.48,0003.65,0001.87,0008.25,0006.96,0005.07,029.9,034.0,0885.3
2024-09-24 05:46:00,PM1,0026.96,0019.96,0012.96,0004.32,0003.62,0002.81,0007.75,0006.34,0005.18,029.9,034.0,0885.4
2024-09-24 05:47:00,PM1,0027.54,0020.20,0013.71,0003.88,0003.45,0002.09,0006.72,0005.83,0003.86,029.9,033.9,0885.4
2024-09-24 05:48:00,PM1,0027.49,0019.88,0013.41,0004.29,0003.12,0002.70,0007.26,0005.88,0005.59,029.9,033.9,0885.4
2024-09-24 05:49:00,PM1,0028.23,0019.37,0014.15,0004.11,0003.66,0001.94,0006.33,0006.10,0004.37,029.9,033.9,0885.3
2024-09-24 05:50:00,PM1,0028.36,0020.52,0013.64,0004.53,0003.09,0002.51,0007.77,0005.88,0004.22,029.9,033.9,0885.3
2024-09-24 05:51:00,PM1,0027.94,0020.65,0014.23,0004.07,0003.06,0002.47,0007.40,0006.16,0004.90,029.9,034.0,0885.3
2024-09-24 05:52:00,PM1,0027.77,0020.18,0013.36,0003.84,0003.49,0002.60,0006.65,0006.32,0005.28,029.9,034.1,0885.3
2024-09-24 05:53:00,PM1,0026.18,0019.38,0013.21,0003.42,0003.18,0002.12,0006.45,0005.89,0004.70,029.9,034.2,0885.3
2024-09-24 05:54:00,PM1,0026.13,0019.18,0013.96,0004.15,0003.47,0002.37,0006.61,0005.79,0004.41,029.9,034.2,0885.3
2024-09-24 05:55:00,PM1,0026.41,0018.67,0012.63,0003.73,0002.96,0002.36,0007.32,0006.19,0005.82,029.9,034.1,0885.2
2024-09-24 05:56:00,PM1,0025.21,0018.95,0014.03,0003.53,0003.25,0002.10,0007.02,0006.16,0003.86,029.9,034.1,0885.2
2024-09-24 05:57:00,PM1,0024.59,0018.05,0012.80,0003.76,0003.31,0001.97,0006.25,0005.23,0004.86,029.9,034.0,0885.2
2024-09-24 05:58:00,PM1,0023.63,0016.23,0011.62,0003.70,0003.02,0001.99,0007.41,0006.79,0004.92,029.9,034.0,0885.2
2024-09-24 05:59:00,PM1,0023.88,0016.80,0011.72,0003.03,0002.73,0002.47,0007.32,0005.98,0006.20,029.9,034.1,0885.3
2024-09-24 06:00:00,PM10,,,,,,,,,,,,
2024-09-24 06:01:00,PM10,,,,,,,0008.83,0007.73,0006.08,029.9,037.1,0896.7
2024-09-24 06:02:00,PM10,,,,,,,0006.87,0005.68,0005.44,029.9,038.1,0896.7
2024-09-24 06:03:00,PM10,,,,,,,0006.90,0006.06,0004.34,029.9,038.6,0896.7
2024-09-24 06:04:00,PM10,,,,,,,0006.62,0005.62,0004.59,030.0,039.5,0896.7
2024-09-24 06:05:00,PM10,,,,,,,0006.27,0005.92,0004.50,030.0,040.5,0896.7
2024-09-24 06:06:00,PM10,,,,,,,0006.23,0006.18,0005.52,030.0,041.5,0896.7
2024-09-24 06:07:00,PM10,,,,,,,0007.82,0005.91,0005.98,030.0,042.5,0896.7
2024-09-24 06:08:00,PM10,,,,,,,0006.18,0006.39,0004.35,030.0,043.4,0896.7
2024-09-24 06:09:00,PM10,,,,,,,0006.07,0005.85,0005.59,030.0,040.0,0893.4
2024-09-24 06:10:00,PM10,0030.23,0022.65,0016.31,0005.07,0003.80,0003.13,0007.02,0005.33,0004.33,030.0,035.7,0893.0
2024-09-24 06:11:00,PM10,0030.11,0022.57,0015.82,0004.72,0003.57,0003.37,0006.48,0006.08,0004.52,030.0,034.9,0893.0
2024-09-24 06:12:00,PM10,0030.50,0024.18,0016.96,0004.52,0003.82,0003.60,0006.24,0005.78,0004.68,030.0,034.6,0893.0
2024-09-24 06:13:00,PM10,0031.26,0022.94,0017.01,0004.43,0003.74,0003.09,0006.19,0005.36,0004.98,030.0,034.3,0892.9
2024-09-24 06:14:00,PM10,0032.61,0024.08,0016.45,0004.92,0003.49,0003.29,0007.12,0006.61,0005.02,030.0,034.1,0892.9
2024-09-24 06:15:00,PM10,0030.79,0022.29,0015.68,0004.96,0004.06,0003.12,0006.22,0006.35,0005.22,030.0,034.1,0892.9
2024-09-24 06:16:00,PM10,0030.90,0024.15,0016.61,0005.16,0003.79,0003.30,0007.35,0006.30,0005.29,030.0,034.0,0893.0
2024-09-24 06:17:00,PM10,0031.22,0023.38,0015.22,0004.95,0003.74,0002.97,0006.73,0006.03,0005.23,030.0,034.0,0893.0
2024-09-24 06:18:00,PM10,0031.14,0022.77,0014.75,0004.52,0003.99,0002.28,0006.23,0005.95,0005.38,030.0,034.0,0893.0
2024-09-24 06:19:00,PM10,0029.51,0021.81,0015.08,0004.86,0003.80,0002.86,0005.77,0005.16,0004.09,030.0,033.9,0893.0
2024-09-24 06:20:00,PM10,0028.54,0021.39,0014.86,0004.72,0003.81,0003.01,0006.14,0005.66,0004.92,030.0,033.8,0893.0
2024-09-24 06:21:00,PM10,0028.30,0020.55,0014.47,0003.78,0003.60,0003.00,0006.66,0005.46,0004.01,030.1,033.7,0893.0
2024-09-24 06:22:00,PM10,0027.50,0020.89,0014.33,0003.99,0003.38,0002.77,0005.87,0005.62,0004.83,030.1,033.6,0893.0
2024-09-24 06:23:00,PM10,0027.69,0020.04,0013.86,0003.98,0003.23,0002.77,0006.12,0005.71,0004.84,030.1,033.5,0893.0
2024-09-24 06:24:00,PM10,0026.85,0020.23,0013.83,0003.98,0003.26,0002.83,0007.01,0006.08,0006.16,030.1,033.6,0893.0
2024-09-24 06:25:00,PM10,0026.73,0018.68,0014.18,0004.17,0003.47,0002.31,0005.26,0005.08,0002.98,030.1,033.6,0893.0
2024-09-24 06:26:00,PM10,0026.90,0019.15,0012.99,0004.12,0003.53,0002.80,0005.46,0005.66,0004.99,030.1,033.7,0893.0
2024-09-24 06:27:00,PM10,0026.52,0019.24,0013.25,0004.25,0003.35,0002.75,0005.32,0004.85,0003.57,030.1,033.6,0893.0
2024-09-24 06:28:00,PM10,0026.68,0019.35,0013.07,0004.43,0003.31,0002.80,0005.93,0005.31,0005.05,030.1,033.5,0893.0
2024-09-24 06:29:00,PM10,0028.19,0021.52,0015.09,0004.25,0003.63,0002.95,0006.84,0005.92,0004.78,030.1,033.5,0893.0
2024-09-24 06:30:00,PM1,,,,,,,,,,,,
2024-09-24 06:31:00,PM1,0026.22,0018.85,0013.52,0004.19,0003.34,0002.60,0006.95,0006.19,0004.35,030.1,033.2,0885.4
2024-09-24 06:32:00,PM1,0027.74,0019.72,0013.66,0004.30,0003.35,0002.85,0007.01,0005.95,0005.42,030.1,033.2,0885.4
2024-09-24 06:33:00,PM1,0026.99,0019.03,0013.99,0004.30,0002.97,0002.19,0006.16,0005.92,0004.42,030.1,033.2,0885.4
2024-09-24 06:34:00,PM1,0027.64,0020.69,0013.78,0004.84,0003.39,0002.90,0006.32,0005.91,0006.08,030.1,033.3,0885.3
2024-09-24 06:35:00,PM1,0029.23,0022.65,0013.99,0004.67,0003.33,0002.79,0006.33,0005.37,0004.39,030.1,033.2,0885.3
2024-09-24 06:36:00,PM1,0028.82,0021.24,0014.45,0004.39,0003.72,0002.73,0006.64,0005.71,0004.42,030.1,033.1,0885.2
2024-09-24 06:37:00,PM1,0029.46,0021.74,0014.29,0004.23,0003.56,0002.68,0006.08,0005.24,0004.50,030.1,033.1,0885.2
2024-09-24 06:38:00,PM1,0030.46,0022.02,0014.66,0004.00,0003.54,0002.75,0005.75,0005.70,0004.48,030.1,033.0,0885.1
2024-09-24 06:39:00,PM1,0031.19,0022.26,0014.12,0004.80,0003.94,0002.49,0005.65,0005.81,0004.27,030.1,033.0,0885.2
2024-09-24 06:40:00,PM1,0030.16,0021.75,0013.42,0004.30,0003.45,0002.31,0006.95,0005.80,0005.47,030.1,033.0,0885.2
2024-09-24 06:41:00,PM1,0028.84,0021.56,0013.67,0004.54,0003.62,0003.01,0006.21,0006.00,0004.49,030.1,033.1,0885.2
2024-09-24 06:42:00,PM1,0028.90,0020.76,0013.69,0004.82,0003.69,0002.37,0005.61,0005.28,0005.11,030.1,033.2,0885.1
2024-09-24 06:43:00,PM1,0027.37,0020.30,0013.86,0004.09,0003.35,0002.52,0005.74,0004.45,0003.58,030.1,033.2,0885.1
2024-09-24 06:44:00,PM1,0027.68,0020.07,0013.88,0004.32,0003.65,0002.52,0005.44,0005.75,0003.86,030.1,033.0,0885.1
2024-09-24 06:45:00,PM1,0027.23,0020.45,0013.95,0004.43,0003.11,0002.36,0005.63,0005.03,0005.35,030.1,033.0,0885.1
2024-09-24 06:46:00,PM1,0027.13,0019.21,0012.66,0003.90,0003.34,0002.68,0005.74,0005.08,0004.88,030.1,032.9,0885.1
2024-09-24 06:47:00,PM1,0025.99,0018.57,0012.25,0004.07,0002.69,0002.71,0005.59,0005.77,0004.54,030.1,032.9,0885.0
2024-09-24 06:48:00,PM1,0026.13,0018.49,0012.61,0003.71,0003.11,0002.14,0006.36,0004.77,0004.20,030.1,032.9,0885.0
2024-09-24 06:49:00,PM1,0026.24,0018.71,0011.86,0004.21,0003.02,0002.62,0006.66,0005.99,0004.73,030.1,033.0,0885.0
2024-09-24 06:50:00,PM1,0025.52,0018.20,0011.88,0003.95,0003.08,0002.55,0004.52,0005.00,0003.57,030.1,033.0,0884.9
2024-09-24 06:51:00,PM1,0026.16,0018.66,0012.19,0004.22,0003.43,0002.63,0005.79,0004.84,0004.81,030.1,033.0,0884.9
2024-09-24 06:52:00,PM1,0026.42,0018.91,0012.44,0004.45,0003.23,0002.87,0005.37,0005.54,0003.66,030.1,032.8,0884.9
2024-09-24 06:53:00,PM1,0026.52,0019.20,0013.00,0004.34,0003.12,0002.82,0005.93,0005.04,0004.49,030.1,032.8,0884.9
2024-09-24 06:54:00,PM1,0027.09,0019.61,0013.32,0004.18,0003.74,0002.95,0005.80,0005.37,0004.71,030.1,032.7,0884.9
2024-09-24 06:55:00,PM1,0028.05,0020.64,0013.85,0004.37,0003.45,0002.09,0005.87,0005.61,0005.30,030.1,032.6,0884.9
2024-09-24 06:56:00,PM1,0027.98,0020.43,0013.82,0004.26,0003.22,0002.92,0005.63,0005.46,0004.97,030.1,032.7,0884.9
2024-09-24 06:57:00,PM1,0029.09,0021.21,0013.86,0003.88,0003.60,0002.76,0007.12,0006.31,0004.44,030.1,032.7,0884.9
2024-09-24 06:58:00,PM1,0030.13,0021.32,0014.21,0004.70,0003.74,0002.92,0005.38,0005.13,0005.43,030.1,032.8,0884.9
2024-09-24 06:59:00,PM1,0029.82,0021.58,0014.43,0004.12,0003.50,0003.24,0006.05,0005.17,0004.27,030.1,032.9,0884.9
2024-09-24 07:00:00,PM10,,,,,,,,,,,,
2024-09-24 07:01:00,PM10,0034.13,0023.97,0017.47,0004.95,0003.97,0003.71,0007.00,0006.83,0004.79,030.1,032.9,0892.6
2024-09-24 07:02:00,PM10,0033.33,0025.11,0018.10,0005.49,0005.20,0003.05,0006.78,0006.09,0005.40,030.1,033.0,0892.6
2024-09-24 07:03:00,PM10,0032.77,0025.27,0016.90,0004.57,0004.12,0003.59,0006.97,0006.42,0004.96,030.1,033.0,0892.6
2024-09-24 07:04:00,PM10,0032.99,0024.33,0018.03,0004.91,0004.15,0003.18,0007.42,0006.28,0005.21,030.1,033.0,0892.6
2024-09-24 07:05:00,PM10,0034.35,0024.14,0017.16,0004.79,0003.93,0002.92,0007.63,0006.73,0006.39,030.1,033.1,0892.6
2024-09-24 07:06:00,PM10,0032.19,0024.94,0016.46,0005.26,0003.83,0003.16,0007.32,0006.87,0004.98,030.1,033.2,0892.6
2024-09-24 07:07:00,PM10,0031.05,0022.51,0016.61,0005.69,0004.36,0003.33,0007.58,0006.61,0005.28,030.1,033.3,0892.6
2024-09-24 07:08:00,PM10,0031.12,0024.22,0019.29,0005.46,0003.87,0003.48,0007.16,0006.60,0006.84,030.1,033.2,0892.6
2024-09-24 07:09:00,PM10,0030.07,0023.19,0016.62,0005.54,0003.61,0003.27,0007.33,0006.61,0005.15,030.1,033.2,0892.6
2024-09-24 07:10:00,PM10,0029.57,0022.93,0016.90,0004.81,0003.81,0003.76,0007.49,0006.71,0005.78,030.1,033.2,0892.6
2024-09-24 07:11:00,PM10,0029.51,0023.03,0017.06,0004.45,0002.83,0003.08,0007.05,0006.68,0005.47,030.1,033.1,0892.6
2024-09-24 07:12:00,PM10,0030.02,0021.63,0015.43,0004.49,0003.21,0003.40,0007.41,0005.80,0004.10,030.1,033.2,0892.6
2024-09-24 07:13:00,PM10,0029.11,0021.79,0014.99,0004.27,0003.92,0003.68,0007.18,0006.77,0006.24,030.1,033.2,0892.6
2024-09-24 07:14:00,PM10,0028.92,0024.60,0014.20,0004.35,0003.70,0003.08,0007.97,0007.17,0006.35,030.1,033.3,0892.7
2024-09-24 07:15:00,PM10,0029.19,0022.22,0016.48,0004.70,0003.69,0003.23,0006.01,0006.25,0004.38,030.1,033.4,0892.7
2024-09-24 07:16:00,PM10,0029.94,0022.11,0015.01,0004.57,0004.27,0003.32,0007.23,0006.03,0005.07,030.1,033.4,0892.7
2024-09-24 07:17:00,PM10,0028.84,0022.40,0017.42,0005.04,0003.86,0003.38,0007.80,0006.93,0007.09,030.1,033.3,0892.7
2024-09-24 07:18:00,PM10,0030.65,0023.50,0016.20,0004.79,0004.01,0003.52,0007.86,0007.13,0004.89,030.1,033.3,0892.6
2024-09-24 07:19:00,PM10,0030.84,0024.41,0016.59,0004.67,0004.39,0003.18,0007.78,0006.95,0005.36,030.1,033.3,0892.6
2024-09-24 07:20:00,PM10,0032.01,0023.24,0017.89,0005.27,0004.14,0003.39,0008.01,0007.30,0006.80,030.1,033.3,0892.6
2024-09-24 07:21:00,PM10,0031.50,0023.44,0018.29,0005.39,0004.28,0003.53,0007.88,0007.24,0005.78,030.1,033.4,0892.6
2024-09-24 07:22:00,PM10,0032.76,0024.03,0018.82,0005.15,0004.10,0003.46,0007.77,0006.88,0005.98,030.1,033.5,0892.6
2024-09-24 07:23:00,PM10,0033.64,0026.23,0018.03,0005.84,0004.76,0003.78,0008.15,0007.25,0005.66,030.1,033.6,0892.6
2024-09-24 07:24:00,PM10,0033.94,0026.15,0017.63,0005.33,0004.37,0003.55,0006.40,0005.77,0004.88,030.1,033.6,0892.6
2024-09-24 07:25:00,PM10,0033.99,0025.13,0018.57,0005.39,0004.51,0003.43,0007.85,0007.11,0006.77,030.1,033.5,0892.6
2024-09-24 07:26:00,PM10,0033.93,0025.17,0018.10,0005.70,0004.15,0002.86,0007.22,0007.00,0005.26,030.1,033.4,0892.6
2024-09-24 07:27:00,PM10,0034.00,0025.68,0018.47,0005.28,0004.33,0003.30,0007.94,0007.34,0005.87,030.1,033.4,0892.6
2024-09-24 07:28:00,PM10,0032.87,0025.49,0018.32,0005.24,0004.14,0003.18,0007.94,0006.99,0006.97,030.1,033.4,0892.6
2024-09-24 07:29:00,PM10,0032.40,0025.22,0017.29,0005.19,0004.36,0003.97,0007.80,0006.91,0004.41,030.1,033.4,0892.5
2024-09-24 07:30:00,PM1,,,,,,,,,,,,
2024-09-24 07:31:00,PM1,0027.48,0019.69,0014.53,0004.44,0003.44,0002.76,0006.51,0005.16,0004.36,030.1,033.3,0885.0
2024-09-24 07:32:00,PM1,0027.36,0019.45,0013.60,0004.80,0003.45,0002.34,0006.03,0005.65,0004.49,030.1,033.3,0885.0
2024-09-24 07:33:00,PM1,0026.54,0020.09,0012.84,0004.20,0003.36,0002.70,0006.43,0005.72,0004.27,030.1,033.1,0885.0
2024-09-24 07:34:00,PM1,0025.75,0019.24,0013.43,0004.38,0003.63,0003.06,0007.01,0005.86,0005.93,030.1,033.1,0885.0
2024-09-24 07:35:00,PM1,0025.56,0019.02,0012.98,0004.11,0003.22,0002.74,0005.20,0005.39,0004.57,030.1,033.1,0885.0
2024-09-24 07:36:00,PM1,0025.45,0018.42,0013.01,0003.56,0002.97,0002.75,0006.83,0006.11,0003.81,030.1,033.1,0885.0
2024-09-24 07:37:00,PM1,0025.30,0017.72,0013.16,0003.81,0003.14,0002.69,0006.87,0006.20,0005.72,030.1,033.1,0885.0
2024-09-24 07:38:00,PM1,0025.87,0018.17,0012.50,0003.87,0003.77,0002.45,0006.21,0006.00,0005.15,030.1,033.3,0885.0
2024-09-24 07:39:00,PM1,0025.53,0018.66,0012.54,0004.03,0002.90,0002.56,0007.40,0005.90,0005.33,030.1,033.4,0885.0
2024-09-24 07:40:00,PM1,0026.15,0019.13,0014.18,0003.91,0002.78,0002.67,0005.90,0005.60,0004.08,030.1,033.4,0885.0
2024-09-24 07:41:00,PM1,0026.80,0019.44,0012.69,0004.88,0003.19,0002.39,0005.77,0005.84,0005.08,030.1,033.3,0885.0
2024-09-24 07:42:00,PM1,0027.67,0019.15,0013.33,0004.20,0003.56,0002.45,0006.52,0005.83,0005.13,030.1,033.2,0885.0
2024-09-24 07:43:00,PM1,0028.01,0020.68,0013.22,0004.36,0003.48,0002.35,0006.58,0005.70,0005.55,030.1,033.2,0885.0
2024-09-24 07:44:00,PM1,0028.41,0021.13,0014.28,0004.17,0003.83,0002.51,0007.16,0005.93,0004.11,030.1,033.1,0885.0
2024-09-24 07:45:00,PM1,0029.61,0021.17,0014.24,0004.17,0003.64,0002.88,0007.11,0006.51,0005.67,030.1,033.2,0885.0
2024-09-24 07:46:00,PM1,0028.80,0021.44,0014.30,0004.34,0003.73,0002.67,0007.58,0006.25,0005.98,030.1,033.3,0885.0
2024-09-24 07:47:00,PM1,0030.00,0021.36,0014.67,0004.23,0003.60,0002.12,0006.73,0006.40,0005.13,030.1,033.4,0885.0
2024-09-24 07:48:00,PM1,0030.56,0022.28,0015.59,0004.62,0003.66,0002.64,0005.72,0005.90,0005.59,030.1,033.4,0885.0
2024-09-24 07:49:00,PM1,0030.80,0022.74,0016.12,0004.12,0003.84,0003.25,0006.36,0005.17,0002.82,030.1,033.4,0884.9
2024-09-24 07:50:00,PM1,0031.96,0023.18,0016.67,0004.81,0003.90,0002.53,0006.21,0006.01,0006.31,030.1,033.3,0884.9
2024-09-24 07:51:00,PM1,0032.09,0023.20,0015.02,0004.83,0003.69,0002.79,0006.37,0006.16,0005.22,030.1,033.3,0884.9
2024-09-24 07:52:00,PM1,0031.31,0023.32,0015.46,0004.39,0003.88,0003.21,0007.38,0006.50,0005.43,030.1,033.3,0884.9
2024-09-24 07:53:00,PM1,0030.43,0022.09,0014.51,0004.00,0002.88,0002.93,0005.97,0006.03,0004.56,030.1,033.3,0884.9
2024-09-24 07:54:00,PM1,0028.95,0020.60,0013.53,0004.36,0003.58,0002.85,0006.58,0005.16,0004.06,030.1,033.4,0884.9
2024-09-24 07:55:00,PM1,0027.84,0021.59,0014.03,0003.97,0003.28,0002.82,0006.10,0005.56,0005.49,030.1,033.4,0884.9
2024-09-24 07:56:00,PM1,0027.07,0019.32,0013.51,0003.61,0003.48,0002.46,0006.02,0005.08,0004.20,030.1,033.5,0884.9
2024-09-24 07:57:00,PM1,0026.77,0018.88,0012.84,0003.57,0003.37,0002.03,0004.55,0005.02,0004.33,030.1,033.4,0885.0
2024-09-24 07:58:00,PM1,0025.03,0018.75,0012.56,0003.60,0002.98,0002.91,0005.96,0004.94,0004.16,030.1,033.3,0884.9
2024-09-24 07:59:00,PM1,0024.33,0017.92,0013.05,0003.82,0003.03,0002.20,0005.22,0005.32,0004.19,030.1,033.2,0884.9
2024-09-24 08:00:00,PM10,,,,,,,,,,,,
2024-09-24 08:01:00,PM10,0026.44,0020.06,0014.49,0004.27,0003.42,0002.78,0005.58,0005.85,0004.87,030.1,033.4,0892.7
2024-09-24 08:02:00,PM10,0025.90,0019.61,0014.26,0004.14,0003.33,0003.00,0005.82,0005.97,0004.49,030.1,033.5,0892.7
2024-09-24 08:03:00,PM10,0024.53,0018.78,0014.44,0003.91,0003.65,0002.21,0005.84,0005.20,0005.03,030.1,033.5,0892.7
2024-09-24 08:04:00,PM10,0026.08,0018.58,0014.12,0004.28,0002.95,0002.76,0006.11,0005.10,0004.31,030.1,033.6,0892.7
2024-09-24 08:05:00,PM10,0026.03,0019.33,0014.44,0003.53,0003.76,0002.53,0004.13,0004.28,0003.95,030.1,033.5,0892.6
2024-09-24 08:06:00,PM10,0027.20,0019.72,0014.26,0004.48,0003.55,0002.91,0006.27,0005.10,0004.31,030.1,033.4,0892.6
2024-09-24 08:07:00,PM10,0028.49,0021.93,0014.54,0004.81,0003.59,0002.87,0005.46,0005.38,0003.33,030.1,033.3,0892.6
2024-09-24 08:08:00,PM10,0029.45,0022.16,0015.93,0005.28,0003.73,0003.17,0006.15,0005.53,0004.46,030.1,033.2,0892.6
2024-09-24 08:09:00,PM10,0028.50,0021.07,0014.57,0003.88,0003.19,0002.54,0006.29,0005.38,0005.40,030.1,033.2,0892.6
2024-09-24 08:10:00,PM10,0029.43,0022.20,0014.85,0004.55,0003.76,0002.61,0005.88,0005.29,0003.11,030.1,033.3,0892.6
2024-09-24 08:11:00,PM10,0029.05,0022.45,0015.55,0004.61,0003.83,0002.33,0006.01,0005.64,0005.44,030.1,033.3,0892.5
2024-09-24 08:12:00,PM10,0031.51,0023.00,0016.51,0005.00,0003.66,0003.17,0005.67,0005.84,0004.35,030.1,033.4,0892.5
2024-09-24 08:13:00,PM10,0029.91,0022.18,0016.25,0003.72,0003.50,0002.65,0006.16,0005.39,0005.09,030.1,033.3,0892.4
2024-09-24 08:14:00,PM10,0030.80,0022.25,0016.52,0004.25,0003.43,0002.88,0005.86,0005.44,0003.55,030.1,033.2,0892.4
2024-09-24 08:15:00,PM10,0028.86,0021.94,0015.43,0004.71,0003.72,0002.58,0005.28,0005.13,0004.63,030.0,033.1,0892.5
2024-09-24 08:16:00,PM10,0031.05,0023.28,0015.60,0005.20,0003.90,0003.12,0005.89,0005.39,0005.20,030.0,033.0,0892.5
2024-09-24 08:17:00,PM10,0029.91,0022.55,0015.53,0004.44,0003.71,0003.12,0006.60,0005.92,0005.51,030.0,033.0,0892.5
2024-09-24 08:18:00,PM10,0029.69,0021.96,0015.49,0004.33,0003.42,0003.01,0006.22,0005.45,0005.03,030.0,033.1,0892.5
2024-09-24 08:19:00,PM10,0029.51,0022.03,0016.48,0004.77,0003.48,0003.36,0006.54,0006.38,0005.02,030.0,033.1,0892.5
2024-09-24 08:20:00,PM10,0028.58,0020.94,0014.66,0004.78,0003.39,0002.40,0005.59,0005.15,0003.87,030.0,033.2,0892.5
2024-09-24 08:21:00,PM10,0027.54,0020.45,0015.41,0004.19,0003.32,0002.47,0005.62,0004.96,0005.10,030.0,033.1,0892.5
2024-09-24 08:22:00,PM10,0027.62,0019.77,0013.93,0003.84,0003.43,0002.58,0005.37,0005.32,0003.98,030.0,033.0,0892.5
2024-09-24 08:23:00,PM10,0026.54,0018.97,0013.99,0004.14,0003.54,0002.48,0006.00,0004.94,0004.48,030.0,033.0,0892.5
2024-09-24 08:24:00,PM10,0025.98,0019.89,0013.90,0003.82,0003.09,0002.11,0005.79,0005.63,0004.43,030.0,032.9,0892.5
2024-09-24 08:25:00,PM10,0025.32,0019.20,0013.18,0004.24,0002.92,0002.65,0006.09,0005.59,0005.58,030.0,032.9,0892.5
2024-09-24 08:26:00,PM10,0025.38,0018.13,0012.07,0003.54,0002.93,0002.93,0005.26,0005.08,0003.36,030.0,032.9,0892.5
2024-09-24 08:27:00,PM10,0025.15,0019.57,0013.80,0004.17,0003.40,0001.89,0005.81,0005.14,0004.56,030.0,033.0,0892.6
2024-09-24 08:28:00,PM10,0025.46,0019.31,0013.66,0004.45,0003.42,0002.62,0005.49,0005.44,0003.64,030.0,033.1,0892.6
2024-09-24 08:29:00,PM10,0026.73,0019.80,0014.25,0003.90,0003.25,0003.04,0004.94,0004.36,0005.18,030.0,033.1,0892.6
2024-09-24 08:30:00,PM1,,,,,,,,,,,,
2024-09-24 08:31:00,PM1,0025.34,0018.37,0012.33,0004.02,0002.49,0002.11,0004.73,0004.69,0004.26,030.0,032.5,0885.0
2024-09-24 08:32:00,PM1,0026.80,0018.86,0013.12,0003.92,0002.73,0002.37,0005.48,0004.56,0004.30,030.0,032.4,0885.0
2024-09-24 08:33:00,PM1,0026.26,0019.55,0013.38,0004.02,0002.86,0002.22,0005.48,0005.04,0003.49,030.0,032.4,0885.1
2024-09-24 08:34:00,PM1,0026.98,0019.32,0012.99,0004.16,0003.36,0002.82,0005.54,0005.86,0005.76,030.0,032.4,0885.1
2024-09-24 08:35:00,PM1,0027.51,0021.12,0013.50,0004.35,0003.34,0002.62,0006.57,0005.27,0005.25,030.0,032.4,0885.1
2024-09-24 08:36:00,PM1,0028.40,0020.39,0013.55,0004.53,0003.24,0001.83,0004.76,0005.38,0003.23,030.0,032.5,0885.1
2024-09-24 08:37:00,PM1,0030.74,0022.26,0015.63,0004.44,0003.35,0002.96,0005.59,0005.18,0005.33,030.0,032.5,0885.1
2024-09-24 08:38:00,PM1,0031.47,0022.77,0015.01,0004.71,0003.79,0003.05,0005.95,0005.51,0003.80,030.0,032.4,0885.1
2024-09-24 08:39:00,PM1,0030.62,0020.80,0014.82,0004.42,0003.98,0002.57,0006.07,0005.08,0004.67,030.0,032.4,0885.1
2024-09-24 08:40:00,PM1,0030.15,0021.87,0014.47,0004.66,0003.69,0002.97,0005.87,0005.19,0005.09,030.0,032.3,0885.1
2024-09-24 08:41:00,PM1,0030.47,0020.68,0014.62,0004.20,0003.39,0002.34,0006.18,0005.50,0004.45,030.0,032.3,0885.1
2024-09-24 08:42:00,PM1,0030.24,0021.74,0015.00,0004.43,0003.58,0002.59,0005.76,0006.07,0004.19,030.0,032.4,0885.1
2024-09-24 08:43:00,PM1,0029.29,0021.48,0014.55,0004.38,0003.69,0002.50,0006.28,0005.77,0005.31,030.0,032.5,0885.1
2024-09-24 08:44:00,PM1,0028.29,0019.98,0013.31,0004.03,0003.12,0002.44,0006.03,0005.59,0005.19,030.0,032.6,0885.1
2024-09-24 08:45:00,PM1,0027.06,0019.45,0013.01,0004.49,0003.19,0002.59,0005.41,0004.75,0003.35,030.0,032.6,0885.1
2024-09-24 08:46:00,PM1,0027.14,0018.59,0012.25,0003.92,0003.11,0002.33,0004.93,0004.81,0004.12,030.0,032.6,0885.1
2024-09-24 08:47:00,PM1,0025.36,0018.50,0012.04,0003.69,0003.05,0002.48,0005.29,0004.60,0004.58,030.0,032.5,0885.1
2024-09-24 08:48:00,PM1,0024.55,0017.42,0012.34,0003.81,0003.33,0002.63,0006.10,0005.52,0004.34,030.0,032.5,0885.1
2024-09-24 08:49:00,PM1,0024.57,0017.46,0011.64,0003.74,0002.88,0002.44,0005.31,0004.79,0003.85,030.0,032.5,0885.0
2024-09-24 08:50:00,PM1,0024.37,0017.27,0012.18,0003.71,0002.80,0002.24,0006.01,0005.89,0004.62,030.0,032.5,0884.9
2024-09-24 08:51:00,PM1,0024.03,0017.91,0012.42,0003.69,0002.87,0002.15,0004.75,0005.08,0004.26,030.0,032.5,0885.0
2024-09-24 08:52:00,PM1,0024.85,0018.81,0012.68,0003.96,0002.70,0002.07,0006.43,0004.96,0003.86,030.0,032.6,0885.0
2024-09-24 08:53:00,PM1,0026.77,0018.89,0012.75,0004.46,0004.32,0002.46,0005.01,0004.78,0005.12,030.0,032.6,0885.0
2024-09-24 08:54:00,PM1,0027.64,0019.38,0013.00,0003.63,0003.24,0002.66,0005.42,0005.14,0003.57,030.0,032.6,0885.0
2024-09-24 08:55:00,PM1,0028.41,0019.26,0012.72,0004.38,0003.53,0002.71,0005.13,0004.95,0005.01,030.0,032.5,0885.1
2024-09-24 08:56:00,PM1,0028.07,0019.46,0014.08,0004.06,0003.16,0002.17,0005.78,0005.10,0004.93,030.0,032.5,0885.1
2024-09-24 08:57:00,PM1,0028.60,0020.05,0013.69,0003.97,0003.10,0002.91,0005.45,0004.83,0003.59,030.0,032.4,0885.1
2024-09-24 08:58:00,PM1,0029.10,0020.56,0013.72,0004.12,0003.38,0003.12,0005.66,0005.92,0004.64,030.0,032.5,0885.1
2024-09-24 08:59:00,PM1,0028.99,0021.06,0014.46,0004.00,0003.54,0002.37,0005.54,0004.94,0005.74,030.0,032.5,0885.1
2024-09-24 09:00:00,PM10,,,,,,,,,,,,
2024-09-24 09:01:00,PM10,0031.86,0024.44,0016.44,0004.68,0004.00,0003.01,0006.36,0005.75,0005.59,030.0,033.0,0892.9
2024-09-24 09:02:00,PM10,0031.68,0024.03,0016.67,0004.62,0003.59,0003.37,0005.80,0005.27,0004.44,030.0,033.0,0892.9
2024-09-24 09:03:00,PM10,0031.98,0023.93,0016.24,0004.69,0004.23,0002.83,0005.79,0005.94,0003.96,030.0,032.9,0892.9
2024-09-24 09:04:00,PM10,0031.28,0023.41,0015.93,0004.89,0003.70,0003.10,0006.69,0005.50,0005.24,030.0,032.9,0892.9
2024-09-24 09:05:00,PM10,0032.12,0023.92,0017.08,0005.42,0003.80,0003.22,0007.22,0006.60,0005.88,030.0,032.9,0892.9
2024-09-24 09:06:00,PM10,0031.17,0023.11,0016.68,0004.53,0003.71,0002.76,0007.31,0006.48,0005.48,030.0,032.9,0892.9
2024-09-24 09:07:00,PM10,0031.62,0023.33,0017.19,0004.51,0003.64,0002.95,0006.54,0006.78,0005.74,030.0,033.0,0892.9
2024-09-24 09:08:00,PM10,0030.62,0023.10,0015.75,0004.81,0003.79,0003.13,0007.43,0006.40,0005.31,030.0,033.1,0892.9
2024-09-24 09:09:00,PM10,0031.43,0021.91,0015.76,0004.90,0002.85,0003.44,0006.93,0006.42,0004.98,030.0,033.2,0892.9
2024-09-24 09:10:00,PM10,0031.62,0024.72,0016.85,0004.66,0004.21,0003.01,0006.68,0006.44,0005.77,030.0,033.2,0892.9
2024-09-24 09:11:00,PM10,0030.79,0021.79,0015.51,0004.51,0004.17,0003.01,0007.01,0005.92,0005.78,030.0,033.2,0892.9
2024-09-24 09:12:00,PM10,0029.61,0021.23,0014.55,0004.04,0003.56,0003.05,0005.82,0005.87,0004.00,030.0,033.2,0892.9
2024-09-24 09:13:00,PM10,0029.02,0021.39,0014.71,0004.41,0003.24,0002.95,0006.93,0005.95,0004.97,030.0,033.2,0892.9
2024-09-24 09:14:00,PM10,0029.16,0021.66,0015.38,0003.92,0003.72,0003.23,0006.62,0006.17,0005.88,030.0,033.2,0892.9
2024-09-24 09:15:00,PM10,0030.50,0023.37,0016.13,0004.75,0003.51,0002.46,0006.87,0006.76,0006.51,030.0,033.3,0892.8
2024-09-24 09:16:00,PM10,0032.55,0024.58,0016.93,0004.79,0003.92,0003.66,0007.83,0007.04,0005.11,030.0,033.5,0892.9
2024-09-24 09:17:00,PM10,0032.17,0023.12,0017.21,0004.65,0003.91,0003.41,0007.34,0006.52,0005.90,030.0,033.6,0892.8
2024-09-24 09:18:00,PM10,0034.11,0024.70,0017.04,0004.92,0003.89,0003.45,0006.34,0005.70,0004.82,030.0,033.6,0892.9
2024-09-24 09:19:00,PM10,0033.21,0024.43,0017.92,0004.77,0003.97,0003.36,0007.00,0006.48,0004.71,030.0,033.5,0892.9
2024-09-24 09:20:00,PM10,0033.34,0024.71,0016.91,0004.87,0003.67,0003.06,0006.52,0006.07,0005.34,030.0,033.5,0892.9
2024-09-24 09:21:00,PM10,0033.38,0025.22,0017.60,0004.99,0004.39,0003.45,0006.34,0006.08,0005.78,030.0,033.5,0892.8
2024-09-24 09:22:00,PM10,0033.20,0024.01,0017.16,0004.88,0003.69,0003.39,0007.06,0006.44,0005.59,030.0,033.4,0892.8
2024-09-24 09:23:00,PM10,0033.62,0025.56,0018.10,0005.60,0004.46,0002.89,0007.45,0006.42,0004.91,030.0,033.4,0892.8
2024-09-24 09:24:00,PM10,0034.16,0024.91,0016.69,0004.88,0004.01,0002.67,0007.57,0006.89,0005.20,030.0,033.5,0892.8
2024-09-24 09:25:00,PM10,0034.62,0025.68,0018.80,0004.73,0004.13,0002.60,0006.50,0006.18,0005.63,030.0,033.5,0892.8
2024-09-24 09:26:00,PM10,0035.46,0026.92,0018.85,0004.97,0004.18,0003.48,0006.66,0006.46,0005.70,030.0,033.5,0892.8
2024-09-24 09:27:00,PM10,0035.66,0027.18,0018.93,0005.26,0003.91,0003.52,0006.69,0005.86,0005.97,030.0,033.4,0892.8
2024-09-24 09:28:00,PM10,0035.58,0025.96,0017.57,0005.13,0004.42,0003.36,0006.97,0006.58,0004.84,030.0,033.3,0892.8
2024-09-24 09:29:00,PM10,0034.63,0025.32,0017.81,0005.08,0004.10,0003.68,0006.46,0006.07,0004.55,030.0,033.3,0892.8
2024-09-24 09:30:00,PM1,,,,,,,,,,,,
2024-09-24 09:31:00,PM1,0031.24,0021.87,0015.45,0004.74,0004.13,0003.03,0006.63,0005.91,0005.78,030.0,033.0,0885.3
2024-09-24 09:32:00,PM1,0029.30,0021.26,0014.77,0004.18,0003.26,0002.98,0006.13,0006.24,0004.15,030.0,033.0,0885.3
2024-09-24 09:33:00,PM1,0027.83,0020.97,0013.77,0004.02,0003.41,0002.52,0005.84,0005.16,0004.75,030.0,033.1,0885.3
2024-09-24 09:34:00,PM1,0027.70,0019.86,0013.26,0004.30,0003.46,0002.47,0006.15,0004.98,0004.93,030.0,033.1,0885.4
2024-09-24 09:35:00,PM1,0026.80,0019.66,0012.55,0004.21,0003.40,0002.59,0005.12,0004.79,0003.78,030.0,033.1,0885.4
2024-09-24 09:36:00,PM1,0025.72,0018.38,0012.72,0004.08,0002.83,0002.75,0004.93,0005.33,0004.07,030.0,033.0,0885.4
2024-09-24 09:37:00,PM1,0027.29,0019.97,0013.10,0003.77,0003.16,0002.52,0006.34,0005.52,0005.24,030.0,033.0,0885.4
2024-09-24 09:38:00,PM1,0029.22,0020.96,0014.09,0004.26,0003.41,0002.90,0006.64,0006.32,0005.40,030.0,033.0,0885.3
2024-09-24 09:39:00,PM1,0030.47,0022.62,0015.04,0004.43,0003.55,0002.98,0007.16,0006.62,0005.39,030.0,033.0,0885.3
2024-09-24 09:40:00,PM1,0032.70,0023.55,0016.42,0004.59,0004.09,0002.69,0007.97,0006.94,0005.62,030.0,033.2,0885.3
2024-09-24 09:41:00,PM1,0030.56,0022.53,0014.54,0004.40,0003.41,0003.01,0006.99,0006.72,0005.79,030.0,033.3,0885.3
2024-09-24 09:42:00,PM1,0032.76,0023.90,0015.63,0004.56,0003.54,0003.03,0006.85,0006.08,0004.99,030.0,033.4,0885.3
2024-09-24 09:43:00,PM1,0033.36,0023.82,0016.33,0004.27,0003.04,0003.16,0006.44,0005.98,0005.24,030.0,033.3,0885.3
2024-09-24 09:44:00,PM1,0033.74,0024.26,0016.36,0004.65,0003.63,0003.38,0007.21,0006.46,0006.31,030.0,033.3,0885.3
2024-09-24 09:45:00,PM1,0035.67,0026.00,0017.26,0004.67,0003.61,0003.11,0006.25,0006.74,0005.25,030.0,033.3,0885.3
2024-09-24 09:46:00,PM1,0035.60,0024.64,0017.18,0004.97,0003.98,0002.96,0007.21,0005.81,0005.13,030.0,033.2,0885.3
2024-09-24 09:47:00,PM1,0035.62,0026.07,0017.03,0005.52,0004.10,0003.42,0006.81,0006.58,0006.03,030.0,033.3,0885.3
2024-09-24 09:48:00,PM1,0036.35,0026.29,0017.95,0005.33,0003.88,0003.50,0007.99,0007.06,0005.79,030.0,033.3,0885.3
2024-09-24 09:49:00,PM1,0038.68,0027.71,0018.28,0005.09,0004.13,0003.23,0007.22,0006.71,0005.60,030.0,033.4,0885.3
2024-09-24 09:50:00,PM1,0039.54,0028.95,0018.75,0005.47,0004.49,0003.06,0006.80,0006.44,0004.94,030.0,033.5,0885.3
2024-09-24 09:51:00,PM1,0038.07,0028.41,0018.66,0005.32,0004.93,0003.30,0006.87,0006.84,0006.26,030.0,033.5,0885.3
2024-09-24 09:52:00,PM1,0038.14,0028.09,0018.72,0005.10,0004.43,0003.52,0006.95,0006.33,0005.03,030.0,033.4,0885.4
2024-09-24 09:53:00,PM1,0036.70,0027.43,0017.63,0005.05,0004.21,0003.56,0006.79,0006.60,0005.72,030.0,033.4,0885.4
2024-09-24 09:54:00,PM1,0036.23,0026.43,0017.91,0005.23,0004.01,0003.50,0007.87,0007.05,0005.63,030.0,033.4,0885.4
2024-09-24 09:55:00,PM1,0035.87,0026.33,0017.93,0004.89,0004.17,0003.54,0007.78,0006.74,0005.75,030.0,033.5,0885.4
2024-09-24 09:56:00,PM1,0034.28,0025.09,0016.86,0004.58,0003.77,0003.11,0007.87,0007.39,0006.69,030.0,033.6,0885.3
2024-09-24 09:57:00,PM1,0034.46,0024.93,0016.91,0005.15,0003.96,0002.74,0007.12,0006.86,0004.64,030.0,033.7,0885.3
2024-09-24 09:58:00,PM1,0032.27,0023.76,0016.27,0004.47,0004.11,0003.22,0007.49,0006.57,0006.80,030.0,033.8,0885.3
2024-09-24 09:59:00,PM1,0031.18,0021.82,0014.16,0004.67,0003.24,0003.40,0007.12,0006.37,0005.64,030.0,033.8,0885.3
2024-09-24 10:00:00,PM10,,,,,,,,,,,,
2024-09-24 10:01:00,PM10,0034.79,0025.98,0019.45,0005.22,0004.16,0003.13,0007.90,0007.54,0006.99,030.0,033.9,0893.0
2024-09-24 10:02:00,PM10,0035.62,0025.91,0018.16,0005.09,0004.35,0003.19,0007.24,0007.13,0006.17,030.0,033.9,0893.1
2024-09-24 10:03:00,PM10,0036.51,0027.34,0019.56,0005.28,0004.44,0003.63,0008.25,0008.07,0006.49,030.0,033.9,0893.1
2024-09-24 10:04:00,PM10,0037.36,0027.79,0018.82,0005.21,0004.43,0003.02,0008.35,0007.45,0006.17,030.0,034.0,0893.2
2024-09-24 10:05:00,PM10,0036.92,0027.36,0018.55,0005.02,0004.64,0003.46,0007.99,0007.60,0006.14,030.0,034.1,0893.2
2024-09-24 10:06:00,PM10,0034.24,0026.04,0017.66,0005.03,0003.85,0003.03,0007.82,0007.16,0006.85,030.0,034.3,0893.2
2024-09-24 10:07:00,PM10,0031.73,0022.58,0016.32,0004.73,0003.87,0002.88,0006.36,0005.47,0005.47,030.0,034.3,0893.2
2024-09-24 10:08:00,PM10,0032.88,0025.60,0017.45,0004.93,0003.85,0003.19,0007.68,0007.23,0005.11,030.0,034.2,0893.2
2024-09-24 10:09:00,PM10,0034.76,0025.24,0019.50,0005.27,0004.34,0003.29,0005.85,0005.68,0005.33,030.0,034.2,0893.2
2024-09-24 10:10:00,PM10,0034.49,0025.94,0018.66,0005.00,0004.16,0003.72,0006.80,0006.68,0004.77,030.0,034.1,0893.1
2024-09-24 10:11:00,PM10,0036.51,0027.50,0019.35,0005.30,0004.30,0003.41,0008.30,0007.24,0006.16,030.0,034.0,0893.1
2024-09-24 10:12:00,PM10,0036.89,0028.38,0020.19,0005.38,0004.28,0003.18,0007.60,0006.70,0005.41,030.0,034.0,0893.1
2024-09-24 10:13:00,PM10,0036.96,0027.37,0019.56,0005.32,0004.43,0003.12,0007.51,0007.50,0006.21,030.0,034.1,0893.1
2024-09-24 10:14:00,PM10,0037.31,0028.00,0019.42,0005.51,0004.46,0003.86,0007.26,0006.32,0005.74,030.0,034.2,0893.1
2024-09-24 10:15:00,PM10,0035.67,0026.35,0019.57,0005.29,0004.24,0003.29,0007.16,0006.50,0006.18,030.0,034.2,0893.1
2024-09-24 10:16:00,PM10,0034.56,0026.33,0018.56,0005.28,0004.77,0003.66,0007.61,0007.17,0005.51,030.0,034.0,0893.1
2024-09-24 10:17:00,PM10,0034.05,0025.74,0018.32,0005.52,0004.17,0003.66,0006.11,0006.06,0005.59,030.0,033.9,0893.1
2024-09-24 10:18:00,PM10,0033.08,0025.62,0018.56,0004.42,0004.42,0002.82,0007.85,0006.53,0005.06,030.0,033.8,0893.1
2024-09-24 10:19:00,PM10,0032.89,0025.21,0019.36,0005.29,0003.87,0004.29,0007.30,0007.05,0005.87,030.0,033.7,0893.1
2024-09-24 10:20:00,PM10,0031.90,0024.41,0017.39,0004.92,0004.18,0003.73,0007.76,0006.73,0006.17,030.0,033.7,0893.1
2024-09-24 10:21:00,PM10,0032.15,0024.64,0016.71,0004.54,0004.11,0003.41,0006.75,0006.70,0005.50,030.0,033.8,0893.1
2024-09-24 10:22:00,PM10,0029.99,0022.19,0016.10,0004.42,0004.04,0002.91,0007.99,0006.63,0005.62,030.0,033.8,0893.1
2024-09-24 10:23:00,PM10,0029.92,0021.25,0015.84,0004.75,0003.70,0002.78,0006.51,0005.85,0004.82,030.0,033.9,0893.1
2024-09-24 10:24:00,PM10,0026.15,0019.27,0014.54,0004.00,0003.41,0002.83,0006.34,0006.06,0005.22,030.0,033.7,0893.1
2024-09-24 10:25:00,PM10,0028.93,0020.80,0014.87,0004.63,0003.34,0002.60,0006.64,0005.83,0005.30,030.0,033.7,0893.1
2024-09-24 10:26:00,PM10,0029.50,0022.33,0015.49,0004.83,0003.65,0003.42,0006.51,0006.31,0004.96,030.0,033.6,0893.1
2024-09-24 10:27:00,PM10,0030.41,0022.30,0015.55,0004.70,0003.64,0003.34,0007.51,0006.45,0005.75,030.0,033.5,0893.0
2024-09-24 10:28:00,PM10,0030.49,0022.99,0017.41,0005.18,0004.10,0002.95,0007.43,0007.18,0005.50,030.0,033.6,0893.1
2024-09-24 10:29:00,PM10,0030.76,0023.32,0016.81,0004.66,0004.01,0003.54,0007.26,0006.59,0005.15,030.0,033.6,0893.1
2024-09-24 10:30:00,PM1,,,,,,,,,,,,
2024-09-24 10:31:00,PM1,0030.44,0021.93,0014.42,0004.89,0003.64,0003.37,0005.98,0005.86,0004.52,030.0,033.5,0885.5
2024-09-24 10:32:00,PM1,0029.29,0021.27,0014.42,0004.54,0003.41,0003.48,0007.41,0005.97,0003.95,030.0,033.3,0885.5
2024-09-24 10:33:00,PM1,0024.98,0017.63,0011.41,0003.44,0003.19,0002.49,0005.98,0006.22,0006.61,030.0,033.2,0885.5
2024-09-24 10:34:00,PM1,0029.41,0021.25,0013.45,0004.74,0003.67,0002.31,0006.99,0006.45,0005.28,030.0,033.1,0885.5
2024-09-24 10:35:00,PM1,0032.06,0023.43,0015.61,0005.33,0003.88,0003.31,0008.18,0006.65,0005.21,030.0,033.0,0885.5
2024-09-24 10:36:00,PM1,0031.56,0022.87,0016.00,0004.72,0003.57,0002.93,0008.10,0007.44,0005.36,030.0,033.0,0885.6
2024-09-24 10:37:00,PM1,0030.83,0021.89,0015.44,0004.89,0003.82,0003.01,0008.34,0007.34,0006.15,030.0,033.0,0885.6
2024-09-24 10:38:00,PM1,0031.31,0023.30,0016.25,0004.71,0003.85,0002.57,0007.39,0006.75,0005.82,030.0,033.1,0885.6
2024-09-24 10:39:00,PM1,0031.89,0023.55,0016.20,0004.67,0003.79,0003.11,0007.28,0006.66,0005.35,030.0,033.2,0885.6
2024-09-24 10:40:00,PM1,0032.88,0023.89,0016.39,0004.98,0003.72,0002.86,0006.27,0006.05,0005.53,030.0,033.2,0885.6
2024-09-24 10:41:00,PM1,0031.34,0023.15,0016.09,0004.29,0003.97,0002.95,0007.56,0006.43,0004.11,030.0,033.1,0885.6
2024-09-24 10:42:00,PM1,0031.80,0023.45,0016.07,0004.99,0004.08,0003.10,0005.99,0005.44,0005.70,030.0,033.0,0885.6
2024-09-24 10:43:00,PM1,0031.18,0021.97,0015.39,0004.97,0003.90,0002.77,0007.20,0006.73,0004.97,030.0,033.0,0885.5
2024-09-24 10:44:00,PM1,0028.57,0020.91,0014.25,0004.39,0003.23,0002.66,0008.36,0006.93,0005.42,030.0,033.0,0885.5
2024-09-24 10:45:00,PM1,0029.40,0022.21,0014.35,0004.41,0003.58,0002.33,0007.23,0006.76,0006.50,030.0,033.0,0885.5
2024-09-24 10:46:00,PM1,0029.63,0021.01,0014.47,0004.47,0003.43,0002.53,0007.60,0007.04,0005.89,030.0,033.1,0885.5
2024-09-24 10:47:00,PM1,0028.61,0021.00,0014.80,0004.52,0002.89,0003.34,0006.75,0006.32,0004.88,030.0,033.2,0885.5
2024-09-24 10:48:00,PM1,0028.49,0020.08,0013.62,0004.78,0003.39,0002.60,0007.27,0006.10,0005.00,030.0,033.2,0885.5
2024-09-24 10:49:00,PM1,0026.95,0020.37,0013.82,0004.57,0003.87,0002.81,0007.35,0006.40,0006.68,030.0,033.1,0885.5
2024-09-24 10:50:00,PM1,0027.61,0019.55,0014.13,0003.94,0003.55,0002.60,0006.63,0006.57,0004.71,030.0,033.1,0885.5
2024-09-24 10:51:00,PM1,0029.31,0020.69,0015.00,0004.93,0003.79,0002.90,0007.52,0006.60,0005.70,030.0,033.0,0885.5
2024-09-24 10:52:00,PM1,0028.97,0021.61,0015.53,0004.58,0004.11,0002.64,0006.76,0006.13,0005.37,030.0,033.0,0885.5
2024-09-24 10:53:00,PM1,0031.48,0022.77,0015.52,0004.75,0003.33,0002.81,0007.78,0007.40,0006.00,030.0,033.0,0885.5
2024-09-24 10:54:00,PM1,0031.58,0021.72,0015.92,0004.61,0003.73,0003.00,0007.22,0007.01,0005.43,030.0,033.1,0885.5
2024-09-24 10:55:00,PM1,0031.49,0022.88,0016.13,0004.79,0003.81,0003.14,0007.65,0006.56,0004.33,030.0,033.2,0885.6
2024-09-24 10:56:00,PM1,0032.65,0023.94,0015.27,0004.40,0003.86,0003.14,0006.76,0006.44,0006.26,030.0,033.2,0885.6
2024-09-24 10:57:00,PM1,0034.03,0024.51,0016.52,0004.87,0003.95,0003.33,0007.69,0006.51,0006.40,030.0,033.1,0885.6
2024-09-24 10:58:00,PM1,0034.67,0025.41,0017.87,0005.13,0004.02,0003.33,0007.19,0006.46,0004.52,030.0,033.1,0885.6
2024-09-24 10:59:00,PM1,0036.28,0025.93,0017.84,0005.15,0003.99,0003.24,0006.66,0006.47,0005.38,030.0,033.1,0885.6
2024-09-24 11:00:00,PM10,,,,,,,,,,,,
2024-09-24 11:01:00,PM10,0040.08,0029.41,0021.41,0005.59,0004.74,0004.23,0009.08,0007.65,0005.21,030.0,033.4,0893.3
2024-09-24 11:02:00,PM10,0037.87,0029.16,0019.97,0006.11,0004.86,0004.56,0009.46,0009.41,0008.38,030.0,033.5,0893.4
2024-09-24 11:03:00,PM10,0038.39,0029.22,0020.43,0005.42,0004.51,0003.68,0009.38,0008.74,0006.82,030.0,033.6,0893.4
2024-09-24 11:04:00,PM10,0038.53,0027.85,0020.50,0005.97,0005.00,0004.31,0009.66,0008.35,0006.32,030.0,033.6,0893.4
2024-09-24 11:05:00,PM10,0036.28,0027.43,0020.53,0005.72,0004.54,0003.99,0010.19,0009.65,0008.86,030.0,033.6,0893.4
2024-09-24 11:06:00,PM10,0035.82,0027.10,0020.75,0005.41,0004.56,0003.79,0009.15,0008.15,0007.58,030.0,033.5,0893.4
2024-09-24 11:07:00,PM10,0036.29,0026.29,0019.48,0005.64,0004.76,0004.06,0009.98,0008.82,0007.12,030.0,033.4,0893.4
2024-09-24 11:08:00,PM10,0033.80,0025.53,0018.08,0005.61,0004.23,0004.27,0009.10,0008.74,0007.32,030.0,033.4,0893.4
2024-09-24 11:09:00,PM10,0034.25,0025.64,0018.64,0005.07,0004.34,0003.07,0008.81,0008.17,0007.00,030.0,033.4,0893.4
2024-09-24 11:10:00,PM10,0032.60,0023.84,0018.05,0005.22,0004.14,0003.26,0008.76,0007.81,0006.78,030.0,033.5,0893.4
2024-09-24 11:11:00,PM10,0031.87,0023.97,0016.88,0005.39,0003.85,0003.30,0007.87,0006.49,0006.08,030.0,033.5,0893.4
2024-09-24 11:12:00,PM10,0030.54,0023.80,0016.51,0004.92,0003.64,0003.39,0006.76,0006.90,0005.34,030.0,033.6,0893.4
2024-09-24 11:13:00,PM10,0030.54,0022.69,0017.19,0004.97,0003.86,0002.93,0008.25,0006.78,0005.13,030.0,033.5,0893.4
2024-09-24 11:14:00,PM10,0031.59,0024.61,0016.88,0004.78,0004.22,0003.40,0006.60,0006.62,0005.17,030.0,033.4,0893.4
2024-09-24 11:15:00,PM10,0031.15,0024.88,0017.07,0005.20,0003.68,0003.58,0007.98,0007.26,0006.61,030.0,033.4,0893.4
2024-09-24 11:16:00,PM10,0032.24,0023.51,0016.98,0004.79,0005.02,0002.83,0008.21,0006.88,0006.45,030.0,033.4,0893.4
2024-09-24 11:17:00,PM10,0033.24,0023.66,0018.89,0004.85,0003.87,0003.77,0007.69,0007.13,0005.46,030.0,033.4,0893.4
2024-09-24 11:18:00,PM10,0033.22,0025.80,0018.42,0004.69,0004.01,0003.17,0009.71,0007.93,0006.77,030.0,033.4,0893.4
2024-09-24 11:19:00,PM10,0033.26,0024.17,0017.61,0004.99,0003.88,0003.85,0007.87,0007.46,0006.85,030.0,033.5,0893.5
2024-09-24 11:20:00,PM10,0034.77,0026.67,0018.49,0005.13,0004.11,0004.13,0008.11,0007.59,0005.75,030.0,033.6,0893.5
2024-09-24 11:21:00,PM10,0035.11,0027.41,0019.63,0005.44,0004.80,0004.25,0008.17,0006.66,0006.73,030.0,033.5,0893.5
2024-09-24 11:22:00,PM10,0039.21,0029.60,0020.61,0005.77,0004.94,0004.02,0007.06,0007.36,0005.93,030.0,033.5,0893.5
2024-09-24 11:23:00,PM10,0036.90,0027.72,0020.42,0005.33,0004.43,0003.58,0008.18,0007.26,0006.29,030.0,033.4,0893.5
2024-09-24 11:24:00,PM10,0040.32,0030.81,0022.15,0005.83,0004.77,0004.47,0007.39,0006.64,0005.62,030.0,033.4,0893.5
2024-09-24 11:25:00,PM10,0039.23,0029.87,0019.61,0005.81,0004.78,0003.64,0008.16,0007.76,0006.85,030.0,033.4,0893.5
2024-09-24 11:26:00,PM10,0036.53,0027.66,0019.55,0006.04,0004.56,0003.40,0008.09,0007.34,0007.26,030.0,033.4,0893.5
2024-09-24 11:27:00,PM10,0038.28,0029.08,0020.62,0005.32,0004.44,0003.74,0007.67,0007.27,0005.36,030.0,033.5,0893.5
2024-09-24 11:28:00,PM10,0039.44,0029.74,0021.13,0006.21,0004.52,0003.75,0007.91,0007.35,0005.66,030.0,033.6,0893.5
2024-09-24 11:29:00,PM10,0040.25,0030.55,0021.39,0006.24,0004.92,0003.44,0007.58,0006.46,0005.40,030.0,033.6,0893.5
2024-09-24 11:30:00,PM1,,,,,,,,,,,,
2024-09-24 11:31:00,PM1,0036.40,0027.75,0018.04,0005.13,0004.33,0003.30,0007.64,0007.11,0006.10,030.0,033.2,0885.9
2024-09-24 11:32:00,PM1,0032.07,0023.84,0016.38,0004.36,0003.90,0002.99,0006.83,0005.99,0004.89,030.0,033.1,0885.9
2024-09-24 11:33:00,PM1,0033.66,0024.39,0017.68,0004.83,0003.85,0003.16,0007.12,0006.79,0005.77,030.0,033.1,0885.9
2024-09-24 11:34:00,PM1,0032.70,0024.08,0016.39,0004.53,0003.66,0002.89,0006.74,0006.43,0004.90,030.0,033.2,0885.9
2024-09-24 11:35:00,PM1,0028.27,0020.72,0014.28,0004.66,0003.51,0002.69,0007.79,0006.57,0005.62,030.0,033.3,0885.9
2024-09-24 11:36:00,PM1,0027.80,0020.64,0013.27,0003.60,0003.53,0002.93,0005.47,0005.45,0005.05,029.9,033.4,0885.9
2024-09-24 11:37:00,PM1,0029.91,0022.50,0015.98,0004.85,0003.83,0002.92,0006.71,0006.53,0004.64,029.9,033.4,0885.9
2024-09-24 11:38:00,PM1,0031.80,0023.17,0014.76,0004.40,0003.77,0002.82,0006.21,0005.98,0005.80,029.9,033.4,0885.9
2024-09-24 11:39:00,PM1,0032.64,0023.48,0015.95,0004.74,0003.32,0002.86,0006.79,0006.44,0005.62,029.9,033.3,0886.0
2024-09-24 11:40:00,PM1,0034.67,0025.45,0017.25,0005.34,0004.15,0003.05,0007.67,0006.53,0004.85,029.9,033.3,0886.0
2024-09-24 11:41:00,PM1,0034.27,0024.45,0015.82,0004.91,0003.80,0002.85,0007.17,0006.72,0006.38,029.9,033.3,0886.0
2024-09-24 11:42:00,PM1,0034.12,0025.44,0017.38,0005.27,0003.55,0003.47,0008.04,0007.14,0005.95,029.9,033.4,0886.0
2024-09-24 11:43:00,PM1,0035.73,0026.19,0017.07,0004.78,0004.01,0003.41,0007.38,0007.29,0007.01,029.9,033.5,0886.0
2024-09-24 11:44:00,PM1,0036.34,0025.79,0018.01,0005.22,0004.15,0003.39,0007.92,0006.99,0005.22,029.9,033.6,0885.9
2024-09-24 11:45:00,PM1,0036.91,0026.86,0018.08,0005.00,0004.00,0003.35,0006.82,0005.96,0005.20,029.9,033.7,0885.9
2024-09-24 11:46:00,PM1,0036.90,0026.78,0018.47,0005.21,0004.53,0003.69,0007.15,0006.53,0006.16,029.9,033.6,0885.9
2024-09-24 11:47:00,PM1,0035.68,0025.98,0018.18,0005.45,0004.20,0003.68,0006.82,0006.63,0005.30,029.9,033.6,0885.9
2024-09-24 11:48:00,PM1,0037.03,0026.56,0018.02,0005.38,0004.39,0003.04,0007.44,0006.31,0006.27,029.9,033.6,0885.9
2024-09-24 11:49:00,PM1,0039.89,0028.50,0018.93,0005.13,0004.58,0003.19,0007.28,0007.14,0005.58,029.9,033.7,0885.8
2024-09-24 11:50:00,PM1,0038.50,0028.17,0019.00,0005.49,0004.39,0003.31,0008.04,0007.28,0007.07,029.9,033.8,0885.8
2024-09-24 11:51:00,PM1,0040.80,0030.20,0019.74,0005.80,0004.94,0003.96,0008.15,0007.65,0005.42,029.9,033.9,0885.8
2024-09-24 11:52:00,PM1,0037.59,0027.46,0018.90,0004.97,0004.26,0003.44,0007.82,0007.11,0006.46,029.9,034.1,0885.8
2024-09-24 11:53:00,PM1,0036.49,0026.23,0016.93,0004.64,0004.38,0003.95,0006.58,0006.05,0005.63,029.9,034.2,0885.8
2024-09-24 11:54:00,PM1,0035.10,0025.13,0016.54,0005.34,0003.88,0003.55,0006.96,0006.69,0004.02,029.9,034.2,0885.8
2024-09-24 11:55:00,PM1,0033.42,0024.37,0016.28,0004.71,0003.81,0003.10,0005.99,0006.21,0006.20,029.9,034.2,0885.8
2024-09-24 11:56:00,PM1,0033.05,0024.43,0016.27,0004.87,0003.50,0002.83,0007.51,0005.75,0004.35,029.9,034.1,0885.8
2024-09-24 11:57:00,PM1,0032.30,0023.49,0015.94,0004.25,0003.82,0002.56,0006.88,0006.52,0006.04,029.9,034.2,0885.8
2024-09-24 11:58:00,PM1,0031.19,0022.75,0015.25,0004.73,0003.83,0003.28,0007.54,0007.35,0006.29,029.9,034.2,0885.8
2024-09-24 11:59:00,PM1,0031.40,0022.68,0015.02,0004.21,0003.65,0003.18,0007.20,0006.30,0006.15,029.9,034.3,0885.8
2024-09-24 12:00:00,PM10,,,,,,,,,,,,
2024-09-24 12:01:00,PM10,,,,,,,0006.71,0006.46,0005.30,029.9,036.6,0897.2
2024-09-24 12:02:00,PM10,,,,,,,0008.36,0007.12,0007.61,030.0,037.6,0897.2
2024-09-24 12:03:00,PM10,,,,,,,0007.68,0007.60,0005.49,030.0,038.0,0897.2
2024-09-24 12:04:00,PM10,,,,,,,0007.74,0007.37,0005.79,030.0,038.8,0897.2
2024-09-24 12:05:00,PM10,,,,,,,0008.44,0007.81,0007.47,030.0,039.8,0897.2
2024-09-24 12:06:00,PM10,,,,,,,0009.08,0008.26,0006.82,030.0,040.8,0897.2
2024-09-24 12:07:00,PM10,,,,,,,0008.99,0008.71,0007.85,030.0,041.9,0897.2
2024-09-24 12:08:00,PM10,,,,,,,0009.99,0009.41,0007.32,030.0,042.6,0897.2
2024-09-24 12:09:00,PM10,,,,,,,0008.85,0007.59,0007.48,030.0,039.4,0894.1
2024-09-24 12:10:00,PM10,0047.16,0034.73,0023.88,0005.71,0005.08,0004.45,0008.51,0008.38,0006.56,030.0,036.0,0893.5
2024-09-24 12:11:00,PM10,0047.65,0035.85,0023.59,0006.17,0005.02,0004.42,0009.22,0008.31,0007.09,030.0,035.5,0893.5
2024-09-24 12:12:00,PM10,0048.36,0036.25,0025.36,0005.88,0005.19,0004.09,0009.12,0008.55,0007.88,030.0,035.2,0893.5
2024-09-24 12:13:00,PM10,0048.24,0035.36,0024.41,0006.64,0005.13,0004.54,0008.37,0009.00,0007.67,030.0,035.1,0893.5
2024-09-24 12:14:00,PM10,0046.30,0034.81,0024.21,0006.11,0005.35,0004.32,0010.51,0008.79,0006.68,030.0,035.1,0893.5
2024-09-24 12:15:00,PM10,0047.30,0034.47,0025.12,0006.49,0005.20,0003.86,0009.51,0009.09,0008.64,030.0,035.1,0893.4
2024-09-24 12:16:00,PM10,0046.40,0035.23,0024.45,0006.41,0004.76,0003.92,0010.28,0009.25,0007.93,030.0,035.2,0893.5
2024-09-24 12:17:00,PM10,0044.56,0033.28,0023.30,0005.67,0004.97,0004.44,0008.68,0007.75,0006.92,030.0,035.2,0893.4
2024-09-24 12:18:00,PM10,0045.28,0034.27,0024.64,0006.08,0004.74,0003.78,0009.00,0008.83,0007.73,030.0,035.2,0893.4
2024-09-24 12:19:00,PM10,0042.45,0032.11,0022.30,0005.66,0004.70,0003.96,0008.60,0008.24,0007.31,030.1,035.1,0893.4
2024-09-24 12:20:00,PM10,0042.70,0031.36,0022.71,0005.30,0004.62,0003.71,0009.19,0007.83,0006.68,030.1,035.0,0893.4
2024-09-24 12:21:00,PM10,0041.00,0030.16,0021.02,0005.00,0004.69,0004.05,0009.50,0008.66,0008.06,030.1,035.0,0893.5
2024-09-24 12:22:00,PM10,0038.47,0028.38,0019.72,0005.15,0003.90,0003.56,0009.42,0008.81,0006.90,030.1,035.0,0893.5
2024-09-24 12:23:00,PM10,0034.50,0025.59,0018.06,0004.57,0003.80,0002.46,0009.05,0008.76,0007.63,030.1,035.2,0893.5
2024-09-24 12:24:00,PM10,0033.71,0025.20,0018.01,0005.26,0004.14,0003.43,0009.73,0008.80,0007.51,030.1,035.5,0893.4
2024-09-24 12:25:00,PM10,0035.72,0026.71,0019.31,0005.57,0003.78,0003.24,0008.74,0008.21,0007.29,030.1,035.6,0893.5
2024-09-24 12:26:00,PM10,0036.09,0026.70,0019.01,0004.70,0004.64,0003.41,0008.21,0008.03,0005.64,030.1,035.7,0893.5
2024-09-24 12:27:00,PM10,0035.24,0026.61,0018.84,0004.56,0004.15,0004.04,0010.00,0009.11,0009.07,030.1,035.7,0893.5
2024-09-24 12:28:00,PM10,0036.18,0027.79,0019.73,0005.38,0004.11,0003.30,0009.99,0008.70,0007.81,030.1,035.7,0893.4
2024-09-24 12:29:00,PM10,0038.34,0028.70,0019.97,0005.03,0003.91,0003.24,0008.87,0008.81,0007.12,030.1,035.7,0893.4
2024-09-24 12:30:00,PM1,,,,,,,,,,,,
2024-09-24 12:31:00,PM1,0033.41,0025.90,0017.37,0004.74,0003.59,0002.93,0011.25,0008.77,0007.02,030.1,035.5,0885.8
2024-09-24 12:32:00,PM1,0035.51,0026.20,0018.10,0004.86,0003.91,0002.78,0010.05,0009.48,0008.34,030.1,035.6,0885.8
2024-09-24 12:33:00,PM1,0035.60,0026.95,0017.61,0004.32,0004.01,0002.82,0010.91,0009.90,0009.58,030.1,035.7,0885.8
2024-09-24 12:34:00,PM1,0036.85,0027.11,0017.82,0005.10,0003.83,0003.36,0009.27,0008.70,0005.56,030.1,035.8,0885.8
2024-09-24 12:35:00,PM1,0037.18,0027.28,0018.04,0004.78,0003.29,0002.89,0009.87,0009.10,0008.19,030.1,035.8,0885.8
2024-09-24 12:36:00,PM1,0037.61,0027.88,0018.58,0004.90,0004.28,0003.67,0009.03,0009.07,0007.71,030.1,035.7,0885.8
2024-09-24 12:37:00,PM1,0039.25,0028.28,0018.16,0005.23,0003.99,0003.10,0009.93,0009.04,0008.47,030.1,035.7,0885.9
2024-09-24 12:38:00,PM1,0039.15,0029.06,0019.26,0005.04,0004.70,0003.34,0010.67,0009.30,0007.60,030.1,035.7,0885.8
2024-09-24 12:39:00,PM1,0037.38,0027.25,0019.04,0004.55,0003.88,0003.55,0010.70,0010.25,0008.44,030.1,035.8,0885.8
2024-09-24 12:40:00,PM1,0038.75,0028.52,0018.92,0004.73,0004.58,0003.13,0010.11,0009.14,0007.78,030.1,035.9,0885.9
2024-09-24 12:41:00,PM1,0036.75,0027.45,0018.39,0004.95,0003.99,0003.29,0010.12,0009.35,0008.17,030.1,036.1,0885.9
2024-09-24 12:42:00,PM1,0035.98,0026.68,0016.60,0004.55,0004.07,0003.07,0008.58,0007.82,0006.50,030.1,036.2,0885.8
2024-09-24 12:43:00,PM1,0036.51,0026.73,0018.08,0005.13,0004.31,0003.50,0010.30,0009.36,0008.08,030.1,036.1,0885.8
2024-09-24 12:44:00,PM1,0033.70,0024.98,0017.44,0004.79,0003.70,0002.84,0009.93,0009.06,0008.28,030.1,036.1,0885.8
2024-09-24 12:45:00,PM1,0031.83,0023.15,0016.23,0004.27,0003.73,0003.26,0010.32,0009.91,0007.80,030.1,036.1,0885.8
2024-09-24 12:46:00,PM1,0030.54,0022.07,0015.90,0004.54,0003.73,0002.69,0012.62,0011.39,0009.06,030.2,036.1,0885.8
2024-09-24 12:47:00,PM1,0029.64,0021.59,0014.31,0005.09,0003.96,0003.09,0012.70,0011.74,0010.08,030.2,036.2,0885.8
2024-09-24 12:48:00,PM1,0028.39,0021.74,0015.28,0004.40,0003.59,0003.08,0013.53,0012.11,0011.09,030.2,036.4,0885.8
2024-09-24 12:49:00,PM1,0030.43,0022.18,0015.50,0003.97,0003.35,0002.69,0012.97,0011.50,0008.59,030.2,036.6,0885.8
2024-09-24 12:50:00,PM1,0032.65,0024.50,0017.63,0004.29,0003.85,0002.98,0010.07,0010.08,0008.71,030.2,036.6,0885.8
2024-09-24 12:51:00,PM1,0032.67,0024.71,0017.18,0004.70,0003.71,0003.19,0012.08,0010.58,0008.69,030.2,036.5,0885.8
2024-09-24 12:52:00,PM1,0033.60,0025.66,0017.68,0004.74,0003.69,0003.35,0011.70,0010.63,0009.35,030.2,036.4,0885.8
2024-09-24 12:53:00,PM1,0034.53,0024.94,0016.69,0004.55,0003.99,0003.01,0013.07,0011.55,0009.44,030.2,036.4,0885.8
2024-09-24 12:54:00,PM1,0034.08,0024.74,0017.57,0004.63,0003.92,0003.47,0012.76,0011.61,0010.71,030.2,036.3,0885.8
2024-09-24 12:55:00,PM1,0040.45,0029.92,0020.07,0004.72,0003.93,0003.24,0009.20,0008.81,0007.70,030.2,036.2,0885.8
2024-09-24 12:56:00,PM1,0040.84,0030.26,0019.60,0005.46,0004.33,0004.15,0011.48,0009.49,0007.78,030.2,036.1,0885.8
2024-09-24 12:57:00,PM1,0038.90,0029.69,0020.51,0004.76,0004.74,0003.78,0011.96,0012.11,0009.45,030.2,036.1,0885.8
2024-09-24 12:58:00,PM1,0040.87,0029.26,0020.85,0005.32,0004.64,0003.33,0013.26,0011.46,0010.36,030.2,036.2,0885.8
2024-09-24 12:59:00,PM1,0039.55,0029.45,0019.70,0005.43,0004.43,0003.45,0013.36,0012.19,0010.61,030.2,036.1,0885.8
2024-09-24 13:00:00,PM10,,,,,,,,,,,,
2024-09-24 13:01:00,PM10,0048.01,0037.42,0025.29,0006.31,0005.61,0004.92,0012.96,0012.20,0010.16,030.2,036.0,0893.5
2024-09-24 13:02:00,PM10,0048.98,0038.60,0025.59,0007.14,0005.77,0004.12,0011.00,0010.45,0009.64,030.2,035.9,0893.5
2024-09-24 13:03:00,PM10,0050.71,0036.31,0025.27,0006.04,0005.09,0004.29,0008.39,0008.22,0006.66,030.2,035.8,0893.5
2024-09-24 13:04:00,PM10,0048.36,0036.08,0024.22,0006.20,0005.47,0004.54,0010.63,0009.74,0008.86,030.2,035.7,0893.5
2024-09-24 13:05:00,PM10,0047.42,0036.38,0024.18,0006.15,0005.16,0004.56,0011.07,0009.81,0007.14,030.2,035.8,0893.5
2024-09-24 13:06:00,PM10,0047.03,0034.02,0024.58,0006.15,0005.32,0004.38,0008.42,0008.13,0007.69,030.2,035.8,0893.5
2024-09-24 13:07:00,PM10,0045.42,0033.89,0023.70,0006.38,0005.46,0004.61,0008.66,0008.41,0008.01,030.2,035.7,0893.5
2024-09-24 13:08:00,PM10,0044.39,0033.31,0023.34,0005.51,0004.94,0004.45,0009.38,0008.61,0006.53,030.2,035.6,0893.5
2024-09-24 13:09:00,PM10,0042.29,0032.00,0022.28,0006.29,0004.58,0003.95,0010.96,0010.05,0008.92,030.2,035.5,0893.6
2024-09-24 13:10:00,PM10,0040.48,0030.32,0021.16,0005.50,0005.04,0003.57,0013.59,0012.05,0009.68,030.2,035.6,0893.6
2024-09-24 13:11:00,PM10,0038.94,0029.77,0020.82,0005.09,0004.67,0003.82,0014.38,0013.25,0011.66,030.1,035.7,0893.6
2024-09-24 13:12:00,PM10,0038.08,0029.96,0020.56,0004.75,0004.22,0003.93,0015.08,0014.14,0012.06,030.1,035.9,0893.6
2024-09-24 13:13:00,PM10,0038.97,0028.80,0021.72,0005.14,0004.14,0003.75,0015.01,0013.54,0011.17,030.1,036.2,0893.6
2024-09-24 13:14:00,PM10,0038.77,0030.61,0020.94,0005.40,0004.22,0003.78,0014.94,0014.25,0011.33,030.1,036.4,0893.6
2024-09-24 13:15:00,PM10,0039.92,0030.78,0021.81,0005.63,0004.32,0004.16,0016.25,0014.70,0013.34,030.1,036.5,0893.6
2024-09-24 13:16:00,PM10,0041.76,0031.56,0022.03,0005.68,0005.16,0004.59,0017.09,0015.24,0012.37,030.1,036.5,0893.6
2024-09-24 13:17:00,PM10,0042.35,0032.58,0023.55,0005.62,0004.67,0003.98,0016.92,0015.55,0014.50,030.1,036.5,0893.6
2024-09-24 13:18:00,PM10,0044.92,0033.66,0023.78,0006.27,0004.51,0004.71,0016.78,0016.00,0012.80,030.1,036.5,0893.6
2024-09-24 13:19:00,PM10,0044.94,0033.92,0024.70,0005.99,0005.06,0004.86,0018.05,0016.42,0015.23,030.1,036.5,0893.6
2024-09-24 13:20:00,PM10,0047.91,0034.72,0024.47,0006.99,0005.11,0004.36,0017.87,0015.99,0012.65,030.1,036.7,0893.6
2024-09-24 13:21:00,PM10,0048.74,0037.24,0025.63,0006.83,0004.90,0004.43,0015.16,0014.21,0012.85,030.1,036.8,0893.6
2024-09-24 13:22:00,PM10,0051.21,0038.43,0025.91,0006.78,0005.65,0004.68,0013.35,0012.46,0010.44,030.1,036.7,0893.6
2024-09-24 13:23:00,PM10,0052.41,0038.81,0025.91,0006.90,0005.60,0004.66,0012.26,0011.18,0009.42,030.1,036.6,0893.6
2024-09-24 13:24:00,PM10,0053.58,0040.04,0028.05,0007.82,0006.74,0005.11,0011.74,0011.20,0010.13,030.1,036.4,0893.6
2024-09-24 13:25:00,PM10,0053.51,0039.62,0027.25,0007.07,0006.05,0005.09,0012.88,0011.84,0010.66,030.1,036.3,0893.6
2024-09-24 13:26:00,PM10,0052.42,0039.45,0028.03,0006.40,0006.33,0004.99,0012.87,0012.28,0009.93,030.1,036.2,0893.6
2024-09-24 13:27:00,PM10,0052.82,0039.69,0026.76,0006.49,0005.49,0004.89,0012.49,0011.15,0010.34,030.1,036.2,0893.6
2024-09-24 13:28:00,PM10,0052.08,0037.84,0026.20,0006.31,0006.26,0004.50,0013.29,0012.34,0009.38,030.1,036.2,0893.6
2024-09-24 13:29:00,PM10,0050.33,0037.29,0025.99,0006.40,0006.09,0004.44,0012.96,0012.56,0010.76,030.1,036.2,0893.6
2024-09-24 13:30:00,PM1,,,,,,,,,,,,
2024-09-24 13:31:00,PM1,0045.08,0032.49,0020.41,0005.99,0005.00,0004.18,0011.33,0009.86,0009.79,030.1,035.9,0886.0
2024-09-24 13:32:00,PM1,0042.76,0031.74,0019.43,0005.80,0004.64,0003.82,0010.61,0010.26,0009.43,030.1,035.8,0886.0
2024-09-24 13:33:00,PM1,0040.58,0029.31,0019.62,0005.49,0004.67,0004.05,0013.34,0012.44,0009.94,030.1,035.8,0885.9
2024-09-24 13:34:00,PM1,0038.60,0028.33,0018.30,0004.88,0004.58,0002.94,0014.51,0013.39,0011.34,030.1,035.8,0885.9
2024-09-24 13:35:00,PM1,0037.38,0027.39,0017.92,0005.04,0004.14,0003.46,0017.19,0015.29,0012.30,030.1,036.0,0885.9
2024-09-24 13:36:00,PM1,0036.94,0026.12,0019.41,0004.52,0004.39,0003.02,0015.09,0014.19,0012.93,030.1,036.2,0885.9
2024-09-24 13:37:00,PM1,0037.27,0027.13,0018.68,0004.89,0004.03,0003.59,0014.68,0013.36,0010.70,030.1,036.3,0885.9
2024-09-24 13:38:00,PM1,0039.00,0027.94,0018.71,0005.62,0004.65,0003.49,0011.77,0011.97,0010.91,030.1,036.4,0885.9
2024-09-24 13:39:00,PM1,0040.26,0028.94,0019.46,0005.75,0004.38,0003.52,0011.86,0010.55,0008.85,030.1,036.3,0885.9
2024-09-24 13:40:00,PM1,0040.37,0030.54,0019.24,0005.81,0004.87,0003.86,0012.65,0011.65,0009.01,030.1,035.9,0885.8
2024-09-24 13:41:00,PM1,0042.60,0030.62,0020.35,0005.20,0004.63,0003.40,0012.67,0011.55,0010.58,030.1,035.7,0885.8
2024-09-24 13:42:00,PM1,0042.58,0031.37,0020.90,0005.75,0004.49,0003.67,0013.47,0012.72,0010.48,030.1,035.5,0885.8
2024-09-24 13:43:00,PM1,0045.63,0032.56,0021.24,0006.05,0005.43,0003.87,0012.59,0011.52,0010.17,030.1,035.3,0885.8
2024-09-24 13:44:00,PM1,0046.38,0032.44,0022.43,0005.92,0004.91,0004.07,0013.82,0013.20,0011.73,030.1,035.2,0885.8
2024-09-24 13:45:00,PM1,0046.67,0033.41,0022.22,0005.66,0004.79,0003.93,0015.71,0013.90,0011.41,030.1,035.2,0885.7
2024-09-24 13:46:00,PM1,0046.72,0033.61,0021.95,0006.09,0004.66,0004.22,0017.98,0017.18,0014.35,030.1,035.4,0885.7
2024-09-24 13:47:00,PM1,0047.04,0034.79,0023.25,0006.21,0005.10,0004.16,0016.32,0014.56,0012.49,030.1,035.7,0885.7
2024-09-24 13:48:00,PM1,0049.40,0034.84,0022.93,0005.48,0005.10,0003.45,0016.02,0015.18,0012.42,030.1,035.8,0885.7
2024-09-24 13:49:00,PM1,0048.14,0034.40,0023.45,0006.46,0005.10,0004.17,0019.14,0017.31,0014.85,030.1,035.8,0885.7
2024-09-24 13:50:00,PM1,0046.24,0034.36,0022.74,0005.91,0004.98,0004.07,0024.23,0022.14,0017.96,030.1,036.0,0885.6
2024-09-24 13:51:00,PM1,0046.25,0033.70,0023.01,0005.75,0005.17,0004.52,0022.53,0021.01,0017.50,030.1,036.1,0885.6
2024-09-24 13:52:00,PM1,0046.37,0034.54,0022.76,0005.70,0004.97,0003.89,0018.23,0016.71,0014.34,030.1,036.3,0885.6
2024-09-24 13:53:00,PM1,0044.09,0032.74,0022.31,0006.30,0004.36,0003.76,0021.41,0020.29,0018.31,030.1,036.5,0885.6
2024-09-24 13:54:00,PM1,0042.49,0031.60,0021.70,0005.74,0005.26,0003.34,0024.51,0022.09,0018.56,030.1,036.5,0885.6
2024-09-24 13:55:00,PM1,0042.19,0030.66,0020.52,0005.50,0005.11,0004.00,0024.18,0022.42,0018.11,030.1,036.6,0885.6
2024-09-24 13:56:00,PM1,0041.02,0030.50,0020.54,0005.42,0005.07,0003.16,0023.58,0021.18,0020.10,030.1,036.8,0885.6
2024-09-24 13:57:00,PM1,0039.90,0029.65,0021.74,0005.31,0004.33,0003.61,0025.32,0020.53,0015.83,030.1,036.8,0885.6
2024-09-24 13:58:00,PM1,0039.07,0028.88,0019.18,0004.86,0004.31,0003.79,0023.77,0019.69,0015.68,030.1,036.6,0885.6
2024-09-24 13:59:00,PM1,0039.04,0028.40,0019.05,0005.13,0004.46,0003.96,0022.05,0018.73,0013.54,030.1,036.3,0885.6
2024-09-24 14:00:00,PM10,,,,,,,,,,,,
2024-09-24 14:01:00,PM10,0041.18,0031.18,0021.58,0005.74,0005.63,0003.96,0017.60,0015.45,0010.26,030.1,036.2,0893.3
2024-09-24 14:02:00,PM10,0042.58,0031.91,0023.20,0006.21,0004.96,0004.32,0019.88,0016.28,0013.34,030.1,036.2,0893.4
2024-09-24 14:03:00,PM10,0043.83,0033.12,0023.45,0006.39,0005.14,0004.27,0021.02,0018.69,0014.04,030.1,036.4,0893.4
2024-09-24 14:04:00,PM10,0045.68,0034.57,0023.43,0006.03,0005.44,0003.60,0020.48,0017.60,0012.92,030.1,036.7,0893.4
2024-09-24 14:05:00,PM10,0046.29,0034.52,0025.22,0006.29,0005.13,0004.34,0021.31,0018.31,0012.65,030.1,036.7,0893.4
2024-09-24 14:06:00,PM10,0047.46,0035.79,0024.62,0006.18,0005.76,0004.59,0020.81,0017.65,0014.87,030.1,036.6,0893.4
2024-09-24 14:07:00,PM10,0049.76,0035.68,0024.52,0006.71,0005.87,0004.89,0019.53,0016.70,0011.97,030.1,036.6,0893.4
2024-09-24 14:08:00,PM10,0049.54,0037.50,0026.35,0006.78,0005.67,0004.17,0019.96,0017.12,0013.83,030.1,036.6,0893.4
2024-09-24 14:09:00,PM10,0050.72,0036.75,0026.48,0006.00,0005.64,0004.67,0020.04,0017.14,0013.29,030.1,036.7,0893.4
2024-09-24 14:10:00,PM10,0052.17,0038.52,0026.26,0006.60,0005.93,0004.97,0019.73,0016.77,0013.47,030.1,036.7,0893.4
2024-09-24 14:11:00,PM10,0052.58,0039.72,0027.52,0006.44,0005.82,0005.35,0017.85,0015.86,0011.61,030.1,036.8,0893.4
2024-09-24 14:12:00,PM10,0054.49,0039.72,0027.83,0007.10,0005.63,0004.74,0017.72,0015.44,0012.72,030.1,036.8,0893.4
2024-09-24 14:13:00,PM10,0053.35,0040.92,0029.02,0006.51,0006.17,0004.40,0017.27,0015.26,0010.00,030.1,036.6,0893.4
2024-09-24 14:14:00,PM10,0056.11,0041.96,0028.10,0007.42,0005.46,0005.02,0015.78,0013.43,0010.76,030.1,036.3,0893.4
2024-09-24 14:15:00,PM10,0055.56,0040.36,0029.10,0007.21,0006.22,0005.01,0017.26,0014.77,0011.39,030.1,036.2,0893.4
2024-09-24 14:16:00,PM10,0053.01,0040.19,0028.14,0007.43,0005.88,0005.27,0017.97,0015.78,0011.74,030.0,036.3,0893.4
2024-09-24 14:17:00,PM10,0053.02,0039.99,0027.12,0006.47,0005.92,0004.72,0017.05,0014.76,0010.77,030.0,036.6,0893.4
2024-09-24 14:18:00,PM10,0053.30,0039.17,0027.25,0006.86,0006.16,0004.76,0014.90,0012.68,0010.14,030.0,036.7,0893.4
2024-09-24 14:19:00,PM10,0052.68,0037.46,0025.87,0007.32,0005.91,0005.05,0014.09,0012.24,0008.95,030.0,036.5,0893.5
2024-09-24 14:20:00,PM10,0051.46,0037.05,0025.33,0006.77,0005.64,0004.45,0012.58,0010.51,0008.21,030.0,036.0,0893.5
2024-09-24 14:21:00,PM10,0050.94,0037.36,0024.54,0006.24,0005.60,0004.50,0013.03,0011.40,0008.69,030.0,035.4,0893.5
2024-09-24 14:22:00,PM10,0048.26,0035.64,0024.81,0006.22,0004.87,0004.28,0014.54,0012.71,0009.95,030.0,035.3,0893.5
2024-09-24 14:23:00,PM10,0047.66,0034.97,0023.67,0006.98,0005.32,0003.93,0014.55,0012.48,0009.01,030.0,035.3,0893.5
2024-09-24 14:24:00,PM10,0046.62,0034.47,0023.85,0006.09,0005.09,0004.00,0014.16,0012.41,0009.65,030.0,035.2,0893.4
2024-09-24 14:25:00,PM10,0046.11,0033.29,0024.27,0006.11,0004.65,0004.09,0015.02,0012.90,0010.03,030.0,035.3,0893.4
2024-09-24 14:26:00,PM10,0047.54,0034.90,0023.25,0006.55,0004.91,0003.88,0012.39,0011.12,0008.64,030.0,035.4,0893.5
2024-09-24 14:27:00,PM10,0048.71,0035.49,0023.06,0006.58,0005.71,0004.15,0013.12,0011.43,0008.54,030.0,035.4,0893.5
2024-09-24 14:28:00,PM10,0049.99,0036.08,0025.07,0006.81,0005.63,0004.40,0012.28,0010.91,0008.54,030.0,035.5,0893.5
2024-09-24 14:29:00,PM10,0051.37,0036.56,0025.11,0006.52,0005.40,0004.67,0013.31,0011.38,0007.87,030.0,035.2,0893.5
2024-09-24 14:30:00,PM1,,,,,,,,,,,,
2024-09-24 14:31:00,PM1,0049.05,0036.10,0023.56,0006.04,0005.22,0004.25,0012.96,0011.04,0007.51,030.0,035.0,0885.9
2024-09-24 14:32:00,PM1,0051.35,0036.95,0023.89,0006.93,0005.27,0004.46,0011.64,0010.43,0009.39,030.0,035.0,0885.9
2024-09-24 14:33:00,PM1,0051.19,0036.56,0023.75,0007.08,0005.74,0004.18,0012.69,0011.26,0008.00,030.0,035.1,0885.9
2024-09-24 14:34:00,PM1,0052.30,0037.75,0025.52,0006.80,0005.67,0004.62,0013.24,0010.93,0008.51,030.0,035.4,0885.9
2024-09-24 14:35:00,PM1,0053.19,0038.82,0026.18,0007.14,0006.23,0004.67,0011.72,0010.17,0007.05,030.0,035.4,0885.9
2024-09-24 14:36:00,PM1,0054.61,0039.09,0026.40,0006.73,0005.84,0004.94,0011.95,0010.18,0007.21,030.0,034.9,0886.0
2024-09-24 14:37:00,PM1,0054.88,0039.37,0026.58,0006.93,0005.75,0004.86,0012.46,0011.04,0008.95,030.0,034.8,0886.0
2024-09-24 14:38:00,PM1,0055.61,0040.68,0028.10,0007.01,0006.10,0004.89,0011.83,0010.59,0008.05,030.0,034.9,0886.0
2024-09-24 14:39:00,PM1,0056.13,0041.09,0027.16,0006.77,0005.84,0005.09,0012.83,0010.72,0008.19,030.0,034.7,0886.0
2024-09-24 14:40:00,PM1,0055.49,0040.63,0026.98,0006.87,0006.14,0004.65,0013.06,0010.68,0007.72,030.0,034.4,0886.0
2024-09-24 14:41:00,PM1,0054.10,0039.17,0026.01,0007.36,0005.99,0004.58,0012.55,0011.63,0008.36,030.0,034.4,0885.9
2024-09-24 14:42:00,PM1,0052.44,0038.18,0025.07,0006.51,0005.74,0004.41,0013.80,0011.38,0009.30,030.0,034.7,0885.9
2024-09-24 14:43:00,PM1,0051.13,0036.82,0024.03,0006.35,0005.29,0004.29,0011.59,0010.39,0007.33,030.0,034.8,0885.9
2024-09-24 14:44:00,PM1,0049.49,0035.81,0023.29,0006.38,0005.61,0004.60,0011.33,0010.08,0008.12,030.0,034.5,0885.9
2024-09-24 14:45:00,PM1,0048.35,0035.06,0023.02,0006.23,0005.22,0004.11,0011.11,0009.57,0008.46,030.0,034.4,0885.9
2024-09-24 14:46:00,PM1,0047.55,0034.32,0022.24,0006.01,0005.14,0004.67,0011.98,0010.25,0006.46,030.0,034.5,0885.9
2024-09-24 14:47:00,PM1,0045.95,0032.86,0021.37,0005.77,0005.04,0003.61,0010.66,0009.06,0007.02,030.0,034.5,0885.9
2024-09-24 14:48:00,PM1,0044.15,0032.55,0020.82,0005.66,0004.86,0003.56,0010.70,0009.66,0007.24,030.0,034.1,0885.9
2024-09-24 14:49:00,PM1,0043.50,0030.89,0020.78,0005.36,0004.92,0004.02,0011.29,0009.48,0007.80,030.0,034.3,0885.9
2024-09-24 14:50:00,PM1,0043.82,0031.92,0020.40,0006.01,0004.91,0003.80,0010.44,0008.97,0006.25,030.0,034.4,0885.9
2024-09-24 14:51:00,PM1,0044.12,0032.54,0020.98,0006.08,0005.04,0003.80,0011.04,0009.77,0007.39,030.0,034.2,0885.9
2024-09-24 14:52:00,PM1,0045.47,0033.23,0021.97,0005.84,0004.82,0004.46,0011.44,0010.11,0007.93,030.0,034.2,0885.9
2024-09-24 14:53:00,PM1,0046.24,0034.24,0021.93,0005.92,0005.12,0004.29,0011.36,0010.03,0008.77,030.0,034.5,0885.9
2024-09-24 14:54:00,PM1,0048.70,0035.36,0022.49,0006.36,0005.16,0003.79,0011.83,0010.19,0007.04,030.0,034.4,0885.9
2024-09-24 14:55:00,PM1,0048.89,0034.41,0023.64,0006.50,0004.83,0003.83,0011.93,0010.10,0007.85,030.0,034.5,0885.9
2024-09-24 14:56:00,PM1,0049.10,0035.17,0023.47,0006.46,0005.34,0004.30,0011.79,0010.13,0007.61,030.0,034.4,0885.9
2024-09-24 14:57:00,PM1,0050.21,0037.16,0023.56,0006.42,0005.60,0004.35,0010.61,0009.74,0007.04,030.0,034.2,0885.9
2024-09-24 14:58:00,PM1,0052.21,0037.89,0024.45,0006.73,0005.20,0004.57,0011.95,0010.96,0008.38,030.0,034.2,0885.9
2024-09-24 14:59:00,PM1,0052.62,0037.49,0024.85,0006.50,0005.59,0004.77,0011.15,0009.50,0006.68,030.0,034.5,0885.8
