Date String (YYYY-MM-DD hh:mm:ss) UTC,Semicolon delimited list of cut sizes present,total light scattering coefficient at STP (Mm⁻¹),total light scattering coefficient at STP (Mm⁻¹),total light scattering coefficient at STP (Mm⁻¹),total light scattering coefficient at STP (Mm⁻¹),total light scattering coefficient at STP (Mm⁻¹),total light scattering coefficient at STP (Mm⁻¹),backwards hemispheric light scattering coefficient at STP (Mm⁻¹),backwards hemispheric light scattering coefficient at STP (Mm⁻¹),backwards hemispheric light scattering coefficient at STP (Mm⁻¹),backwards hemispheric light scattering coefficient at STP (Mm⁻¹),backwards hemispheric light scattering coefficient at STP (Mm⁻¹),backwards hemispheric light scattering coefficient at STP (Mm⁻¹),measurement cell temperature (°C),measurement cell temperature (°C),°C,measurement cell relative humidity (%),measurement cell relative humidity (%),humdified neph upstream RH (%),measurement cell pressure (hPa),measurement cell pressure (hPa)
DateTimeUTC,Size,BsB_S11,BsB_S12,BsG_S11,BsG_S12,BsR_S11,BsR_S12,BbsB_S11,BbsB_S12,BbsG_S11,BbsG_S12,BbsR_S11,BbsR_S12,T_S11,T_S12,T_V12,U_S11,U_S12,U_V12,P_S11,P_S12
9/24/2024 03:00,PM10,,,,,,,,,,,,,,,,,,,,
9/24/2024 03:01,PM10,17.88,18.25,13.12,13.17,10.01,8.81,2.48,2.47,2.18,2.2,1.7,1.84,29.8,29.4,28.9,35.2,43.7,50,893.6,890.3
9/24/2024 03:02,PM10,19.38,18.29,15.18,12.84,11.04,8.92,2.99,2.32,2.17,2.06,1.26,1.61,29.8,29.4,28.9,35.3,43.7,49.9,893.6,890.3
9/24/2024 03:03,PM10,20.31,19.21,14.98,13.75,10.51,9.77,2.57,3,3.06,1.87,1.71,2.41,29.8,29.4,28.9,35.4,43.6,49.7,893.6,890.3
9/24/2024 03:04,PM10,20.81,19.19,15.6,14.3,11.03,9.9,2.99,2.64,2.7,2.21,1.56,2.11,29.8,29.4,28.9,35.3,43.5,49.4,893.6,890.2
9/24/2024 03:05,PM10,20.32,19.72,15.37,14.25,11.22,10.13,3.31,2.81,2.89,2.71,1.4,1.93,29.8,29.4,28.9,35.3,43.4,49.2,893.6,890.3
9/24/2024 03:06,PM10,20.78,18.08,15.81,14.09,11.38,9.89,3.11,2.96,2.47,2.45,1.77,2.34,29.8,29.4,29,35.2,43.3,49,893.6,890.3
9/24/2024 03:07,PM10,20.2,18.53,14.82,13.7,10.74,10.37,3.21,2.88,2.63,2.07,2.48,2.03,29.8,29.4,29,35.2,43.2,48.8,893.6,890.3
9/24/2024 03:08,PM10,19.35,17.47,14.81,13.35,10.47,9.2,3.14,2.9,2.52,2.38,1.62,2.08,29.8,29.4,29,35.3,43.3,48.7,893.6,890.3
9/24/2024 03:09,PM10,17.86,17.18,13.43,12.32,9.56,9.21,3.22,2.69,2.93,2.33,1.31,1.91,29.8,29.4,29,35.4,43.3,48.7,893.6,890.3
9/24/2024 03:10,PM10,16.74,16.42,13.43,11.81,9.04,8.28,2.85,2.79,2.59,2.19,1.71,1.62,29.8,29.4,29,35.5,43.3,48.7,893.6,890.3
9/24/2024 03:11,PM10,18.45,16.18,13.12,12.19,10.22,8.74,3.18,2.87,2.65,1.58,1.95,2.1,29.8,29.4,29,35.5,43.3,48.6,893.6,890.3
9/24/2024 03:12,PM10,17.4,16.31,12.98,10.14,8.33,8.28,2.84,2.46,2.35,1.98,1.59,1.65,29.8,29.4,29,35.5,43.1,48.5,893.6,890.3
9/24/2024 03:13,PM10,22.34,20.95,16.02,14.85,10.96,9.88,3.94,4.41,3.48,2.26,2.41,1.43,29.8,29.4,29,35.4,42.9,48.5,893.6,890.3
9/24/2024 03:14,PM10,49.05,38.18,33.95,26.59,20.67,16.79,9.8,8.21,7.52,5.85,4.43,3.69,29.8,29.4,29,35.3,42.8,48.4,893.6,890.2
9/24/2024 03:15,PM10,66.45,59.36,43.44,38.38,27.19,24.26,13.03,11.53,9.52,8.57,6.54,6.87,29.8,29.4,29,35.3,43.3,49.1,893.6,890.3
9/24/2024 03:16,PM10,54.12,47.53,36.21,30.47,22.06,19.81,10.37,9.41,7.77,7.38,5.38,5.27,29.8,29.4,29,35.3,46.3,52.5,893.6,890.2
9/24/2024 03:17,PM10,36.95,33.87,25.58,23.31,17.67,14.37,6.77,5.93,5.12,4.66,3.74,3.81,29.8,29.4,29,35.4,49.3,55.9,893.6,890.3
9/24/2024 03:18,PM10,39.94,37.67,28.1,26.43,18.32,17.12,6.74,6.76,5.62,5,3.92,4.1,29.8,29.4,29,35.5,51.9,58.9,893.6,890.2
9/24/2024 03:19,PM10,35.4,33.95,24.69,23.17,16.74,16.06,6.27,5.79,5.05,4.25,3.43,3.66,29.8,29.4,29,35.5,54.5,61.9,893.6,890.2
9/24/2024 03:20,PM10,35.68,34.13,25.01,24.58,15.8,15.64,6.26,5.72,4.55,4.28,3.68,4.01,29.8,29.4,29,35.5,57.1,65.1,893.6,890.2
9/24/2024 03:21,PM10,39.86,40.42,27.84,26.95,18.28,18.27,7.69,6.71,5.64,4.79,3.7,3.46,29.8,29.4,29,35.4,60.2,68.6,893.6,890.3
9/24/2024 03:22,PM10,39.27,38.25,28.09,27.33,17.8,17.1,6.59,6.36,5.5,4.85,4.01,3.62,29.8,29.4,29,35.3,62,70.8,893.7,890.3
9/24/2024 03:23,PM10,38.19,39.62,27.35,27.41,18.3,17.21,6.48,5.76,4.94,4.84,3.58,4.04,29.8,29.4,29.1,35.3,63.3,72.4,893.7,890.3
9/24/2024 03:24,PM10,35.44,35.32,25.67,24.81,16.58,16.81,5.69,5.22,4.87,4.38,3.06,3.46,29.8,29.4,29.1,35.3,64.9,74.2,893.7,890.3
9/24/2024 03:25,PM10,39.04,40.41,27.89,28.62,19.47,18.27,6.37,6.69,5.28,5.03,3.98,3.86,29.8,29.4,29.1,35.4,65.9,75.4,893.6,890.3
9/24/2024 03:26,PM10,37.34,38.96,25.69,26.79,18.08,17.61,6.02,5.97,4.62,4.65,3.33,3.66,29.8,29.4,29.1,35.5,67,76.7,893.6,890.3
9/24/2024 03:27,PM10,37.47,39.77,26.94,28.02,17.32,18.88,6.52,6.41,4.94,4.47,3.8,4,29.8,29.4,29.1,35.6,67.7,77.7,893.6,890.3
9/24/2024 03:28,PM10,38.47,39.69,26.5,27.79,17.75,19.08,6.01,5.31,5.11,3.88,3.23,3.66,29.8,29.4,29,35.5,68.3,78.5,893.6,890.3
9/24/2024 03:29,PM10,38.54,40.81,27.15,28.31,18.23,20.4,6.94,6.43,5.19,4.36,3.12,3.92,29.8,29.4,29,35.4,69.1,79.7,893.7,890.3
9/24/2024 03:30,PM1,,,,,,,,,,,,,,,,,,,,
9/24/2024 03:31,PM1,31.82,32.35,21.4,23.26,14.29,14.75,5.21,5.31,4.18,3.65,2.68,3.39,29.8,29.4,29,34.9,69.3,78.9,886,882.7
9/24/2024 03:32,PM1,30.33,32.04,20.82,21.84,13.37,13.62,5.19,5.49,4.28,3.75,2.57,2.99,29.8,29.4,29,34.8,68.2,77.8,886,882.7
9/24/2024 03:33,PM1,27.52,29.21,18.94,20.18,12.95,13.9,4.5,4.47,3.38,3.94,2.51,2.83,29.8,29.4,29,34.9,68.2,77.9,886,882.6
9/24/2024 03:34,PM1,26.66,28.63,18.01,19.44,12.27,12.37,4.33,4.06,3.41,3.25,2.28,2.95,29.8,29.4,29,35,68,77.9,885.9,882.6
9/24/2024 03:35,PM1,23.11,24.98,16.63,18.42,11,12.41,4.03,3.64,3.42,2.93,2.07,2.16,29.8,29.4,28.9,35.1,67.8,77.7,885.9,882.5
9/24/2024 03:36,PM1,21.18,22.77,14.88,16.19,10.3,11.04,3.61,3.1,3.05,2.52,1.82,2.11,29.8,29.4,28.9,35,67.1,76.9,885.8,882.5
9/24/2024 03:37,PM1,23.31,25.81,17.01,17.88,10.98,11.31,4.17,3.88,2.91,2.64,1.71,2.75,29.8,29.4,28.9,34.9,67,76.7,885.8,882.5
9/24/2024 03:38,PM1,21.41,23.45,15.04,15.52,10.47,11.54,3.86,3.48,2.93,2.69,1.92,2.22,29.8,29.4,28.9,34.9,66.2,75.7,885.8,882.5
9/24/2024 03:39,PM1,19.23,19.87,13.83,15.11,9.25,9.82,3.24,2.88,2.09,2.26,2.15,1.59,29.8,29.4,29,34.8,65.2,74.4,885.8,882.5
9/24/2024 03:40,PM1,22.82,22.67,15.59,16.13,9.92,10.92,3.8,3.36,2.61,2.3,1.54,2.01,29.8,29.4,29,34.8,64.5,73.4,885.8,882.5
9/24/2024 03:41,PM1,26.47,25.67,18.23,17.49,12.38,11.99,4.55,4.38,3.5,1.73,2.24,2.27,29.8,29.4,29,34.9,63,71.4,885.8,882.5
9/24/2024 03:42,PM1,21.94,21.91,15.89,14.71,10.25,9.37,3.64,3.54,2.82,2.72,2.05,2.03,29.8,29.4,29,35,60.6,68.5,885.8,882.5
9/24/2024 03:43,PM1,22.67,22.85,16.21,16.21,10.57,9.85,4.24,3.85,2.58,2.68,1.67,2.45,29.8,29.4,29,35,58.1,65.5,885.8,882.5
9/24/2024 03:44,PM1,22.05,20.98,15.73,14.9,10.57,10.63,3.25,3.3,2.92,2.11,1.81,2.2,29.8,29.4,29,35,55.8,62.8,885.8,882.5
9/24/2024 03:45,PM1,22.38,21.99,15.62,15.35,12.3,10.37,3.6,3.2,3.23,2.52,1.74,2.43,29.8,29.4,29,34.9,53.5,60.3,885.8,882.5
9/24/2024 03:46,PM1,23.39,21.69,16.29,15.36,10.96,10.38,3.37,3.24,2.79,2.84,2.12,1.81,29.8,29.4,29,34.8,51.5,58.3,885.9,882.5
9/24/2024 03:47,PM1,24.39,24.37,18.49,16.55,11.19,10.66,3.62,3.08,3,2.81,1.95,2.2,29.8,29.4,29,34.7,50.2,57.1,885.9,882.6
9/24/2024 03:48,PM1,27.57,27.43,19.91,18.2,12.33,12.56,4.66,3.86,3.42,3.68,2.53,2.64,29.8,29.4,28.9,34.7,49,56,885.9,882.6
9/24/2024 03:49,PM1,23.08,24.16,17.04,15.73,11.62,9.6,4.08,3.37,2.81,3.07,1.41,1.73,29.8,29.4,28.9,34.8,48.1,55.1,885.9,882.6
9/24/2024 03:50,PM1,26.09,24.64,18,17.09,12.26,11.05,3.74,3.91,3.13,3.05,2.2,2.47,29.8,29.4,28.9,34.9,47.3,54.3,885.9,882.6
9/24/2024 03:51,PM1,25.35,23.67,19,17.62,12.35,10.73,4.38,3.82,2.46,3.17,2.23,2.23,29.8,29.4,28.9,34.9,46.7,53.7,885.9,882.6
9/24/2024 03:52,PM1,26.54,25.38,19.54,17.8,12.86,11.6,4.12,3.44,2.82,2.76,2.27,2.52,29.8,29.4,28.9,34.9,46.1,53,885.9,882.6
9/24/2024 03:53,PM1,28.18,26.63,20.08,18.27,13.04,11.3,4.84,4.03,3.62,3.29,2.42,1.77,29.8,29.5,28.9,34.9,45.5,52.4,885.9,882.6
9/24/2024 03:54,PM1,26.14,25.53,18.83,17.42,12.43,11.19,4.08,3.82,3.16,3.36,2.99,2.61,29.8,29.5,28.9,34.8,45.1,51.8,885.9,882.6
9/24/2024 03:55,PM1,23.57,22.65,16.51,15.51,11.04,10.61,3.92,3.54,3.02,2.67,1.85,2.26,29.8,29.4,28.9,34.7,44.7,51.3,885.9,882.6
9/24/2024 03:56,PM1,24.44,22.46,17.35,16.16,11,10.26,3.78,2.8,3.41,3.14,2.27,2.08,29.8,29.4,29,34.7,44.5,50.9,885.9,882.6
9/24/2024 03:57,PM1,18.89,18.16,13.09,13.15,8.89,8.18,3.11,2.85,2.64,2.39,1.82,1.72,29.8,29.4,29,34.8,44.3,50.6,885.9,882.6
9/24/2024 03:58,PM1,20.21,19.86,14.25,14.15,10.07,8.58,3.17,2.88,2.55,2.62,1.78,1.75,29.8,29.5,29,34.9,44.3,50.3,885.9,882.6
9/24/2024 03:59,PM1,21.59,20.54,15.32,14.3,10.9,9.49,3.52,2.94,2.9,1.8,1.97,1.77,29.8,29.5,29,35,44.1,49.9,885.9,882.5
9/24/2024 04:00,PM10,,,,,,,,,,,,,,,,,,,,
9/24/2024 04:01,PM10,18.82,18.04,13.76,12.22,9.7,9.96,2.92,2.39,2.07,1.99,1.27,2.25,29.8,29.5,29,35.1,43.8,49.4,893.6,890.2
9/24/2024 04:02,PM10,17.26,17.1,13.29,12.64,8.77,8.27,2.34,2.35,2.36,2.11,1.76,1.86,29.8,29.5,29,35.1,43.5,49.2,893.6,890.2
9/24/2024 04:03,PM10,18.88,17.89,14.78,12.88,9.61,9.15,3.18,2.52,2.56,2.8,1.66,2.1,29.8,29.4,29,35.1,43.3,49,893.6,890.3
9/24/2024 04:04,PM10,22.37,20.67,16.47,13.9,10.94,10.43,4.24,3.01,3.51,3.04,2.11,1.4,29.8,29.4,29,35,43.2,48.9,893.7,890.3
9/24/2024 04:05,PM10,18.74,17.79,14.41,12.49,9.44,8.87,3.15,2.71,2.37,2.58,1.38,1.68,29.8,29.4,29,35.1,43.1,49,893.7,890.3
9/24/2024 04:06,PM10,17.37,16.63,13.07,12.5,9.6,8.24,2.75,2.82,2.41,1.77,1.41,1.63,29.8,29.4,29,35.2,43.1,49,893.7,890.3
9/24/2024 04:07,PM10,15.97,16.08,11.71,11.68,8.15,8.23,2.11,2.18,1.6,1.66,1.5,1.19,29.8,29.4,29,35.2,43.1,49,893.7,890.3
9/24/2024 04:08,PM10,20.83,19.48,15.21,15.19,11.69,10.13,3.67,3.45,2.7,2.93,1.96,1.9,29.8,29.4,28.9,35.3,43.1,49,893.6,890.3
9/24/2024 04:09,PM10,21.46,20.68,16.5,15.11,10.77,10.25,2.71,2.86,2.49,2.48,1.9,2.18,29.8,29.4,28.9,35.2,42.9,48.8,893.7,890.3
9/24/2024 04:10,PM10,20.2,19.49,15.03,14.57,10.89,10.16,2.89,2.86,2.51,2.3,1.34,2.59,29.8,29.4,28.9,35.1,42.8,48.7,893.7,890.3
9/24/2024 04:11,PM10,25.48,24.02,18.68,17.46,14.29,11.93,4.23,3.67,3.9,3.08,2.46,2.28,29.8,29.4,29,35.1,42.7,48.5,893.7,890.3
9/24/2024 04:12,PM10,26.86,26.02,19.29,18.46,12.86,11.92,4.54,4.48,3.61,2.77,2.35,3.09,29.8,29.4,29,35,42.7,48.4,893.7,890.3
9/24/2024 04:13,PM10,23.53,22.41,17.06,16.2,12.61,10.65,3.36,3.5,3.01,2.85,2.16,2.42,29.8,29.4,29,35.1,42.8,48.4,893.7,890.3
9/24/2024 04:14,PM10,24.27,23.1,17.39,15.85,12.1,11.62,3.41,3.19,2.87,2.27,1.96,2.23,29.8,29.4,29,35.2,42.9,48.4,893.7,890.3
9/24/2024 04:15,PM10,23.41,22.95,17.05,16.07,12.47,11.43,3.29,3.08,2.96,2.85,2,1.6,29.8,29.4,29.1,35.3,43.5,49.1,893.7,890.3
9/24/2024 04:16,PM10,23.87,23.12,17.33,16.02,11.77,11.55,3.51,3.25,2.37,2.68,1.54,2.14,29.8,29.4,29.1,35.4,46.5,52.3,893.6,890.3
9/24/2024 04:17,PM10,24.26,23.43,17.92,17.78,12.96,12.47,3.85,3.32,3.12,2.46,2.37,2.44,29.9,29.4,29.1,35.3,49.3,55.4,893.6,890.3
9/24/2024 04:18,PM10,21.84,21.29,16.5,16.02,12.7,10.47,3.16,3.23,2.79,2.47,1.35,2.11,29.9,29.4,29,35.2,52.1,58.6,893.6,890.2
9/24/2024 04:19,PM10,19.93,19.78,14.83,13.84,10.78,9.37,2.65,2.41,2.7,2.71,1.31,1.95,29.8,29.4,29,35.1,54.6,61.6,893.6,890.2
9/24/2024 04:20,PM10,20.16,20.63,14.94,14.93,10.84,10.58,2.96,2.92,2.07,2.13,1.61,2.25,29.9,29.4,29.1,35,57.3,64.9,893.5,890.2
9/24/2024 04:21,PM10,19.71,20.74,14.67,15.52,10.26,10.34,2.9,2.99,2.28,2.27,1.71,1.93,29.9,29.4,29,35,60.3,68.6,893.5,890.1
9/24/2024 04:22,PM10,22.45,24.38,16.65,16.81,12.01,11.6,3.31,3.24,2.73,2.78,1.64,1.5,29.9,29.4,29,35,62,71,893.5,890.1
9/24/2024 04:23,PM10,20.48,21.8,15.55,16.72,10.76,11.06,3.12,2.87,2.2,2.66,1.98,2.03,29.9,29.4,29,35.1,62.9,72.4,893.5,890.1
9/24/2024 04:24,PM10,19.84,21.23,14.53,14.95,10.71,10.28,2.58,2.91,2.26,2.29,1.31,1.15,29.9,29.4,29,35.2,64.3,74.2,893.5,890.1
9/24/2024 04:25,PM10,19.7,22.04,15.74,16.33,10.96,11.07,2.97,2.86,2.62,2.66,1.73,1.97,29.9,29.4,29,35.1,65.1,75.2,893.4,890
9/24/2024 04:26,PM10,20.49,23.25,14.52,16.23,11.62,11.61,3.7,2.64,2.99,2.65,2.21,2.36,29.9,29.4,29,35,66,76.3,893.4,890
9/24/2024 04:27,PM10,20.38,22.85,14.72,16.85,11.49,10.96,2.78,3.52,2.32,2.31,1.54,2.68,29.9,29.4,29,35,67.1,77.6,893.4,890
9/24/2024 04:28,PM10,22.22,25.31,17.37,19.91,11.34,13.78,3.63,3.77,2.89,2.58,1.73,2.5,29.9,29.4,29,34.9,67.9,78.6,893.4,890
9/24/2024 04:29,PM10,24.5,27.42,17.19,19.93,12.61,13.86,3.8,3.78,2.89,2.55,2.66,2.66,29.9,29.4,29.1,34.9,69.1,79.9,893.3,890
9/24/2024 04:30,PM1,,,,,,,,,,,,,,,,,,,,
9/24/2024 04:31,PM1,24.21,28.49,17.58,20.47,11.79,13.37,3,3.35,2.94,2.64,1.48,2.3,29.9,29.4,29.1,34.7,69.6,79,885.7,882.4
9/24/2024 04:32,PM1,23.81,27.6,17.39,19.42,11.77,13.32,3.17,2.91,2.74,2.71,1.73,2.41,29.9,29.5,29.1,34.7,68.7,77.7,885.7,882.4
9/24/2024 04:33,PM1,23.76,28.05,18.11,20.14,11.56,13.32,3.69,3.64,3.27,3.06,2.29,2.64,29.9,29.5,29.1,34.6,68.9,77.8,885.7,882.3
9/24/2024 04:34,PM1,25.19,28.6,17.84,20.26,11.98,14.14,3.3,3.91,2.9,3.13,2.06,2.43,29.9,29.5,29.1,34.5,68.7,77.5,885.6,882.3
9/24/2024 04:35,PM1,25.23,29.18,17.75,21.1,12.24,14.09,3.4,4.03,2.84,2.89,2.03,2.22,29.9,29.5,29,34.3,68.6,77.4,885.6,882.3
9/24/2024 04:36,PM1,24.59,29.55,17.98,21.77,12.56,14.59,3.27,4.05,3.18,3.09,2.19,2.41,29.9,29.5,29.1,34.2,68,76.8,885.6,882.3
9/24/2024 04:37,PM1,26.17,29.6,18.92,22.13,12.48,14.22,3.85,4.02,2.76,2.73,2.04,2.66,29.9,29.5,29,34.2,67.9,76.9,885.6,882.3
9/24/2024 04:38,PM1,26.37,30.4,18.67,22.45,12.51,14.92,3.43,4.07,3.07,2.73,2.11,2.37,29.9,29.5,29,34.2,66.6,75.8,885.6,882.2
9/24/2024 04:39,PM1,27.02,29.97,19.64,21.45,13.04,15.47,3.95,3.71,3.4,3.2,2.35,2.63,29.9,29.5,29,34.2,65.4,74.7,885.5,882.2
9/24/2024 04:40,PM1,25.66,27.94,18.76,20.41,12.47,13.37,3.14,3.33,3.03,3.24,2.51,2.35,29.9,29.5,28.9,34.3,64.3,73.5,885.5,882.2
9/24/2024 04:41,PM1,24.61,25.74,17.86,19.53,12.99,12.05,3.66,3.43,2.9,2.61,1.93,2.53,29.9,29.5,28.9,34.2,62.3,71.4,885.5,882.2
9/24/2024 04:42,PM1,24.9,26.14,17.27,18,12.39,12.71,3.53,3.41,2.92,2.59,2.44,2.5,29.9,29.5,28.9,34.1,59.7,68.4,885.5,882.2
9/24/2024 04:43,PM1,23.35,23.03,16.15,17.29,11.62,11.06,3.45,2.63,2.51,2.45,1.58,1.72,29.9,29.5,28.9,34.1,57.2,65.5,885.5,882.2
9/24/2024 04:44,PM1,24.68,25.05,17.73,18,11.75,11.93,3.7,3.07,3.05,2.38,2.38,2.49,29.9,29.5,28.9,34,54.9,62.9,885.5,882.2
9/24/2024 04:45,PM1,25.09,24.11,18.05,17.91,12.24,11.83,3.39,3.58,2.55,2.93,2,1.65,29.9,29.5,29,33.9,52.8,60.4,885.5,882.2
9/24/2024 04:46,PM1,24.06,23.79,17.36,16.44,11.12,11.35,3.54,2.97,3.11,2.82,1.92,2.47,29.9,29.5,29,34,51,58.3,885.5,882.2
9/24/2024 04:47,PM1,23.74,24.15,17.15,16.05,11.96,11.4,3.84,3.45,2.71,2.53,1.81,2.23,29.9,29.5,29,34.1,50,57.1,885.5,882.2
9/24/2024 04:48,PM1,24.12,22.6,17.24,16.42,11.66,11.25,3.9,3.78,2.95,3.09,1.76,2.12,29.9,29.5,29,34.1,48.8,55.7,885.5,882.2
9/24/2024 04:49,PM1,23.08,22.82,17.93,16.23,13.04,10.98,3.86,3.09,2.8,3.34,2.34,2.03,29.9,29.5,29,34.1,47.7,54.2,885.5,882.1
9/24/2024 04:50,PM1,24.13,23.41,17.12,16.49,12.02,11.95,3.72,3.43,2.67,2.56,1.65,1.8,29.9,29.5,29,34,46.8,52.9,885.4,882.1
9/24/2024 04:51,PM1,23.76,23.66,17.53,16.91,11.49,10.93,3.64,2.92,2.88,2.37,1.72,2.02,29.9,29.5,29,33.9,45.9,51.9,885.4,882.1
9/24/2024 04:52,PM1,22.09,22.58,16.54,15.51,11.81,10.8,3.52,3.49,2.49,2.42,2.17,2.17,29.9,29.5,29,33.8,45.2,51,885.4,882.1
9/24/2024 04:53,PM1,23.93,22.88,16.91,16.55,10.78,10.86,3.76,3.04,3.23,2.6,1.44,1.57,29.9,29.5,29,33.8,44.7,50.4,885.4,882.1
9/24/2024 04:54,PM1,25.01,24.58,18.59,18.39,12.45,11.16,3.74,2.97,2.97,3.13,1.92,2.4,29.9,29.5,29,33.8,44.3,50.1,885.3,882
9/24/2024 04:55,PM1,25.62,24.75,18.48,16.95,12.31,10.73,3.35,3.26,2.79,2.78,2.09,2.18,29.9,29.5,29,33.8,43.9,50,885.3,882
9/24/2024 04:56,PM1,25.87,24.43,18.94,18.26,12.31,10.93,3.83,3.24,2.96,2.59,2.01,2.11,29.9,29.5,29,33.9,43.6,49.9,885.3,882
9/24/2024 04:57,PM1,27.33,25.8,19.22,18.21,11.94,12.65,3.96,3.49,2.93,2.92,2.59,2.12,29.9,29.5,28.9,33.8,43.3,49.6,885.3,882
9/24/2024 04:58,PM1,26.84,25.96,19.74,18.75,13.01,13.05,3.92,3.49,3,3.2,2.46,2.62,29.9,29.5,28.9,33.7,42.9,49.3,885.3,882
9/24/2024 04:59,PM1,27.84,27.16,20.12,19.62,14,13.47,4.04,3.57,3.2,3.08,2.36,2.03,29.9,29.5,28.9,33.6,42.7,49,885.3,882
9/24/2024 05:00,PM10,,,,,,,,,,,,,,,,,,,,
9/24/2024 05:01,PM10,29.71,28.21,21.6,20.41,15.07,15.16,3.72,4.32,3.63,3.24,2.32,2.72,29.9,29.5,29,33.7,42.4,48.3,893,889.6
9/24/2024 05:02,PM10,29.12,27.49,21.48,20.32,14.56,14.34,3.86,3.67,3.21,3.07,2.69,3.1,29.9,29.5,29,33.8,42.3,48.2,893,889.7
9/24/2024 05:03,PM10,29.7,28.72,22.51,20.75,15.4,14.63,3.85,4.09,3.51,2.85,2.25,2.92,29.9,29.5,29,33.9,42.3,48.1,893,889.7
9/24/2024 05:04,PM10,28.89,27.41,21.91,20.22,15.11,13.72,3.78,4.09,4.29,3.5,2.34,3.36,29.9,29.5,29,34,42.3,48,893,889.7
9/24/2024 05:05,PM10,29.61,27.81,21.25,20.03,15.37,14.88,4.04,4.13,3.82,2.86,2.77,2.72,29.9,29.5,29,34,42.3,47.8,893,889.6
9/24/2024 05:06,PM10,28.83,27.37,20.72,19.22,15.11,13.63,3.97,3.56,3.44,2.92,2.06,2.99,29.9,29.5,29,33.9,42.1,47.5,893,889.6
9/24/2024 05:07,PM10,27.25,27.41,20.21,19.8,14.34,13.1,3.78,3.94,3.12,2.74,1.65,2.77,29.9,29.5,29.1,33.8,42,47.2,893,889.6
9/24/2024 05:08,PM10,27.5,26.49,20.17,19.33,14.03,13.28,4.05,3.78,3.43,2.88,2.37,2.91,29.9,29.5,29.1,33.8,41.9,47,893,889.6
9/24/2024 05:09,PM10,27.1,26.01,20,19.05,13.34,12.64,4.1,3.53,3.21,2.99,2.78,2.24,29.9,29.5,29.1,33.7,41.8,46.9,893,889.6
9/24/2024 05:10,PM10,25.93,25.24,19.8,19.03,13.92,12.43,3.72,3.85,3.14,3.19,2.17,2.15,29.9,29.5,29.1,33.8,41.7,46.8,893,889.7
9/24/2024 05:11,PM10,25.95,25.6,19.27,18.21,13.55,12.68,3.65,3.32,3.17,2.83,1.66,2.51,29.9,29.5,29.1,33.8,41.7,46.9,893,889.7
9/24/2024 05:12,PM10,25.94,25.66,18.75,18.23,12.95,12.69,3.53,4,3.17,3.19,2.09,2.71,29.9,29.5,29,33.9,41.7,47,893,889.6
9/24/2024 05:13,PM10,25.4,24.63,18.42,18.42,14.24,12.44,3.67,2.78,2.88,2.51,2.49,2.15,29.9,29.5,29,33.9,41.7,47,893,889.6
9/24/2024 05:14,PM10,26.04,25.79,19.64,18.24,13.41,13.41,3.91,3.77,2.91,3.06,2.49,2.76,29.9,29.5,29,33.8,42,47.5,893,889.7
9/24/2024 05:15,PM10,26.37,25,19.38,18.58,13.61,12.83,3.88,3.52,3.36,2.96,2.21,2.36,29.9,29.5,29,33.7,42.8,48.5,893,889.7
9/24/2024 05:16,PM10,27.47,25.93,19.28,19.2,13.9,13.2,3.41,3.42,3.34,2.94,2.39,2.76,29.9,29.5,29,33.6,45.9,52,893,889.7
9/24/2024 05:17,PM10,27.7,27.99,20.44,20.2,13.93,13.38,4.26,3.53,3.05,2.97,1.97,2.57,29.9,29.5,29,33.6,48.9,55.5,893.1,889.7
9/24/2024 05:18,PM10,27.79,27.92,21.09,21.04,14.31,14.19,3.93,3.56,3.57,3.09,2.04,2.78,29.9,29.5,29,33.6,51.7,58.6,893.1,889.7
9/24/2024 05:19,PM10,28.99,28.28,21.24,20.71,14.69,14.84,3.23,3.94,3.66,3.3,2.73,2.84,29.9,29.5,29.1,33.7,54.5,61.9,893.1,889.7
9/24/2024 05:20,PM10,29.14,30.94,21.34,21.81,15.3,15.37,4.16,4.44,3.67,3.22,2.87,3.23,29.9,29.5,29.1,33.7,57.5,65.2,893.1,889.7
9/24/2024 05:21,PM10,29.83,31.41,22.63,23.02,14.48,17.23,4.14,4.03,3.65,3.18,2.71,3.51,29.9,29.5,29.1,33.8,60.3,68.5,893.1,889.7
9/24/2024 05:22,PM10,29.22,32.24,22.17,23.84,14.46,16.93,4.29,3.97,3.73,3.08,2.59,2.79,29.9,29.5,29.1,33.7,62.2,70.8,893.1,889.7
9/24/2024 05:23,PM10,31.48,34.69,22.57,25.41,15.5,17.81,4.13,4.14,3.52,3.93,2.47,3.23,29.9,29.5,29.1,33.6,63.3,72.2,893,889.7
9/24/2024 05:24,PM10,31.41,35.52,22.33,25.65,16.33,18.37,5.09,3.77,3.82,4.12,2.98,3.21,29.9,29.5,29.1,33.6,64.7,73.9,893,889.7
9/24/2024 05:25,PM10,31.03,35.88,23.35,26.77,16.56,18.46,4.16,4.29,3.21,3.8,2.67,3.02,29.9,29.5,29.1,33.5,65.8,75.2,893,889.7
9/24/2024 05:26,PM10,30.89,37.47,22.37,26.87,16.98,19.07,4.46,4.78,3.74,3.57,2.9,3.03,29.9,29.5,29.1,33.5,67,76.8,893,889.7
9/24/2024 05:27,PM10,31.86,36.93,23.72,28.07,16.79,19.14,4.47,4.59,3.83,4.3,2.81,3.19,29.9,29.5,29.1,33.6,67.6,77.7,893,889.7
9/24/2024 05:28,PM10,30.95,36.74,22.44,26.68,16.7,18.54,4.33,3.9,3.53,3.23,2.39,2.53,29.9,29.5,29.1,33.7,68.4,78.8,893,889.7
9/24/2024 05:29,PM10,29.28,33.94,22.38,24.73,15.65,17.1,4.38,4.54,3.6,3.48,2.57,2.53,29.9,29.5,29.1,33.7,68.7,79.5,893,889.7
9/24/2024 05:30,PM1,,,,,,,,,,,,,,,,,,,,
9/24/2024 05:31,PM1,25.71,28.1,18.17,21.37,11.76,14.38,3.76,3.88,3.07,3.07,1.71,2.77,29.9,29.5,29,33.3,69.1,78.9,885.4,882.1
9/24/2024 05:32,PM1,23.27,26.71,16.96,19.44,11.72,14.05,4.09,3.65,3.21,2.72,2.09,2.17,29.9,29.5,29,33.3,67.8,77.6,885.4,882.1
9/24/2024 05:33,PM1,24.17,26.79,16.76,18.83,12.23,12.99,3.39,3.4,2.88,3.11,1.81,2.46,29.9,29.5,29,33.3,68.1,77.9,885.4,882.1
9/24/2024 05:34,PM1,23.57,26.67,17.43,19.49,11.92,12.84,4.17,3.65,3.1,2.69,1.9,2.58,29.9,29.5,29,33.3,67.8,77.6,885.4,882.1
9/24/2024 05:35,PM1,23.41,25.71,16.63,18.53,11.67,12.49,3.82,3.19,2.88,2.61,1.64,2.83,29.9,29.5,29,33.4,67.8,77.7,885.4,882
9/24/2024 05:36,PM1,22.41,24.76,15.85,18.2,10.73,12.19,3.43,3.42,3.04,2.44,1.56,2.22,29.9,29.5,29,33.5,67.3,77,885.4,882
9/24/2024 05:37,PM1,21.95,24.63,15.4,18.18,10.72,11.82,3.46,2.97,3.46,2.87,1.63,2.46,29.9,29.5,29,33.6,67.4,77,885.4,882
9/24/2024 05:38,PM1,22.24,24.75,15.86,17.35,10.79,11.1,3.07,4.15,2.71,2.06,2.21,1.76,29.9,29.5,29,33.6,66.4,75.7,885.3,882
9/24/2024 05:39,PM1,24.49,24.93,16.44,17.2,13.28,11.37,4.06,4.13,3.64,3.3,2.17,2.35,29.9,29.5,29,33.6,65.5,74.6,885.3,882
9/24/2024 05:40,PM1,26.01,26.52,18.76,18.81,12.29,12.23,5.02,4.61,3.01,2.95,2,2.85,29.9,29.5,29.1,33.6,64.6,73.3,885.3,882
9/24/2024 05:41,PM1,27.41,26.8,19,19.26,11.9,12.44,4.84,4.45,3.36,3.23,2.52,2.53,29.9,29.5,29.1,33.6,63.2,71.4,885.3,881.9
9/24/2024 05:42,PM1,24.38,22.64,16.97,15.76,10.57,10.48,4.38,3.39,3.53,2.92,2.24,2.91,29.9,29.5,29.1,33.7,60.7,68.4,885.3,881.9
9/24/2024 05:43,PM1,22.39,21.41,15.25,14.6,10.34,8.43,3.96,3.6,2.96,2.95,1.6,2.31,29.9,29.5,29.1,33.8,58.1,65.5,885.3,882
9/24/2024 05:44,PM1,23.31,22.7,16.75,15.12,10.84,9.86,3.96,4.44,3.21,2.46,1.87,2.85,29.9,29.5,29,33.9,55.9,63.1,885.3,882
9/24/2024 05:45,PM1,25.26,24.23,17.73,16.23,12.06,10.82,4.48,4.33,3.65,3.21,1.87,1.85,29.9,29.5,29,34,53.6,60.7,885.3,882
9/24/2024 05:46,PM1,26.96,26.2,19.96,18.45,12.96,12.93,4.32,3.81,3.62,3.21,2.81,2.39,29.9,29.5,29,34,51.4,58.6,885.4,882
9/24/2024 05:47,PM1,27.54,26.88,20.2,19.48,13.71,13.49,3.88,3.82,3.45,3.12,2.09,2.6,29.9,29.5,28.9,33.9,50.1,57.2,885.4,882
9/24/2024 05:48,PM1,27.49,26.89,19.88,19.8,13.41,13.62,4.29,2.9,3.12,3.34,2.7,2.34,29.9,29.5,28.9,33.9,48.7,55.9,885.4,882
9/24/2024 05:49,PM1,28.23,28.17,19.37,18.95,14.15,13.51,4.11,4.09,3.66,3.2,1.94,2.69,29.9,29.5,28.9,33.9,47.6,54.8,885.3,882
9/24/2024 05:50,PM1,28.36,27.69,20.52,19.91,13.64,13.2,4.53,3.89,3.09,2.97,2.51,2.96,29.9,29.5,28.9,33.9,46.8,53.9,885.3,882
9/24/2024 05:51,PM1,27.94,26.7,20.65,19.45,14.23,13.68,4.07,3.99,3.06,3.3,2.47,2.83,29.9,29.5,28.9,34,46.1,53.1,885.3,882
9/24/2024 05:52,PM1,27.77,27.29,20.18,19.36,13.36,11.93,3.84,3.89,3.49,3.01,2.6,2.77,29.9,29.5,28.9,34.1,45.6,52.5,885.3,882
9/24/2024 05:53,PM1,26.18,25,19.38,18.31,13.21,12.28,3.42,3.93,3.18,3.24,2.12,2.98,29.9,29.5,28.9,34.2,45.2,52,885.3,882
9/24/2024 05:54,PM1,26.13,24.93,19.18,17.23,13.96,12.26,4.15,3.95,3.47,3.24,2.37,3.01,29.9,29.5,29,34.2,44.8,51.4,885.3,881.9
9/24/2024 05:55,PM1,26.41,25.06,18.67,17.67,12.63,12.86,3.73,3.99,2.96,2.96,2.36,2.76,29.9,29.5,29,34.1,44.4,50.8,885.2,881.9
9/24/2024 05:56,PM1,25.21,24.16,18.95,16.82,14.03,11.45,3.53,4.06,3.25,2.6,2.1,2.03,29.9,29.5,29,34.1,44.1,50.4,885.2,881.9
9/24/2024 05:57,PM1,24.59,23.75,18.05,17.15,12.8,11.1,3.76,3.4,3.31,2.81,1.97,2.89,29.9,29.5,29,34,43.8,49.8,885.2,881.9
9/24/2024 05:58,PM1,23.63,21.87,16.23,15.92,11.62,10.58,3.7,3.38,3.02,2.72,1.99,2.38,29.9,29.5,29,34,43.6,49.3,885.2,881.9
9/24/2024 05:59,PM1,23.88,22.84,16.8,17.02,11.72,10.84,3.03,3.17,2.73,3.09,2.47,3.16,29.9,29.5,29.1,34.1,43.4,49,885.3,882
9/24/2024 06:00,PM10,,,,,,,,,,,,,,,,,,,,
9/24/2024 06:01,PM10,,,,,,,,,,,,,29.9,29.7,28.6,37.1,43.2,50.7,896.7,892.4
9/24/2024 06:02,PM10,,,,,,,,,,,,,29.9,29.8,28.5,38.1,41.1,50.7,896.7,892.3
9/24/2024 06:03,PM10,,,,,,,,,,,,,29.9,29.8,28.5,38.6,41.2,50.5,896.7,892.3
9/24/2024 06:04,PM10,,,,,,,,,,,,,30,29.8,28.4,39.5,42.3,50.5,896.7,892.3
9/24/2024 06:05,PM10,,,,,,,,,,,,,30,29.8,28.4,40.5,43.5,50.4,896.7,892.3
9/24/2024 06:06,PM10,,,,,,,,,,,,,30,29.8,28.4,41.5,44.5,50.3,896.7,892.4
9/24/2024 06:07,PM10,,,,,,,,,,,,,30,29.8,28.4,42.5,45.3,50.4,896.7,892.4
9/24/2024 06:08,PM10,,,,,,,,,,,,,30,29.8,28.3,43.4,45.9,50.4,896.7,892.4
9/24/2024 06:09,PM10,,,,,,,,,,,,,30,29.8,28.4,40,43.1,50.7,893.4,890.3
9/24/2024 06:10,PM10,30.23,29.21,22.65,21.87,16.31,15.7,5.07,4.44,3.8,3.74,3.13,3,30,29.7,28.6,35.7,41.8,49.1,893,889.7
9/24/2024 06:11,PM10,30.11,29.33,22.57,22.2,15.82,15.43,4.72,4.26,3.57,3.47,3.37,2.85,30,29.6,28.7,34.9,41.6,48.6,893,889.6
9/24/2024 06:12,PM10,30.5,29.64,24.18,22.34,16.96,15.62,4.52,4.33,3.82,3.74,3.6,2.42,30,29.6,28.7,34.6,41.6,48.3,893,889.6
9/24/2024 06:13,PM10,31.26,29.58,22.94,21.79,17.01,16.42,4.43,4.08,3.74,3.71,3.09,2.56,30,29.6,28.8,34.3,41.5,48,892.9,889.6
9/24/2024 06:14,PM10,32.61,30.5,24.08,22.49,16.45,16.86,4.92,4.39,3.49,4.13,3.29,2.67,30,29.6,28.9,34.1,41.6,48,892.9,889.6
9/24/2024 06:15,PM10,30.79,30.05,22.29,22.45,15.68,14.72,4.96,4.44,4.06,3.53,3.12,3.11,30,29.6,28.9,34.1,42.3,48.6,892.9,889.6
9/24/2024 06:16,PM10,30.9,31.03,24.15,23.25,16.61,15.56,5.16,4.69,3.79,3.82,3.3,3.35,30,29.6,28.9,34,45.4,52.1,893,889.6
9/24/2024 06:17,PM10,31.22,29.3,23.38,23.12,15.22,15.28,4.95,4.39,3.74,3.62,2.97,2.39,30,29.6,28.9,34,48.4,55.4,893,889.6
9/24/2024 06:18,PM10,31.14,30.05,22.77,21.53,14.75,15.21,4.52,4.47,3.99,3.82,2.28,2.26,30,29.6,28.9,34,51.1,58.6,893,889.6
9/24/2024 06:19,PM10,29.51,29.66,21.81,22.04,15.08,15.21,4.86,4.13,3.8,3.84,2.86,2.77,30,29.6,28.9,33.9,53.5,61.5,893,889.6
9/24/2024 06:20,PM10,28.54,28.44,21.39,22.24,14.86,15.54,4.72,4.11,3.81,3.37,3.01,3.06,30,29.6,28.9,33.8,56.2,64.8,893,889.6
9/24/2024 06:21,PM10,28.3,30.89,20.55,22.05,14.47,15.48,3.78,3.82,3.6,3.21,3,2.56,30.1,29.6,28.9,33.7,58.9,68.1,893,889.6
9/24/2024 06:22,PM10,27.5,27.9,20.89,21.71,14.33,15.05,3.99,4.26,3.38,3.75,2.77,2.46,30.1,29.6,28.9,33.6,60.7,70.5,893,889.6
9/24/2024 06:23,PM10,27.69,29.89,20.04,22.41,13.86,15.58,3.98,4.49,3.23,3.62,2.77,2.5,30.1,29.6,28.9,33.5,62.1,72.4,893,889.6
9/24/2024 06:24,PM10,26.85,30.04,20.23,21.86,13.83,15.55,3.98,4.24,3.26,2.96,2.83,2.62,30.1,29.6,28.9,33.6,63.4,74,893,889.7
9/24/2024 06:25,PM10,26.73,29.09,18.68,21.68,14.18,15.14,4.17,3.89,3.47,2.82,2.31,2.09,30.1,29.6,28.9,33.6,64.6,75.5,893,889.7
9/24/2024 06:26,PM10,26.9,29.44,19.15,21.83,12.99,15.51,4.12,3.52,3.53,3.19,2.8,2.38,30.1,29.6,29,33.7,65.4,76.4,893,889.6
9/24/2024 06:27,PM10,26.52,30.81,19.24,22.72,13.25,16.61,4.25,4.45,3.35,3.22,2.75,2.12,30.1,29.6,29,33.6,66.3,77.5,893,889.6
9/24/2024 06:28,PM10,26.68,31.71,19.35,23.43,13.07,16.85,4.43,4.16,3.31,3.38,2.8,2.27,30.1,29.6,29,33.5,67,78.4,893,889.6
9/24/2024 06:29,PM10,28.19,31.73,21.52,24,15.09,17.05,4.25,4.33,3.63,3.34,2.95,2.7,30.1,29.6,29,33.5,68.1,79.6,893,889.6
9/24/2024 06:30,PM1,,,,,,,,,,,,,,,,,,,,
9/24/2024 06:31,PM1,26.22,29.94,18.85,22.09,13.52,15.09,4.19,4.49,3.34,3.66,2.6,2.27,30.1,29.7,29.1,33.2,68.9,78.7,885.4,882.1
9/24/2024 06:32,PM1,27.74,31.62,19.72,22.8,13.66,15.24,4.3,3.62,3.35,4.03,2.85,2.65,30.1,29.7,29.1,33.2,68.2,77.6,885.4,882
9/24/2024 06:33,PM1,26.99,31.77,19.03,22.97,13.99,15.17,4.3,3.72,2.97,3.27,2.19,2.34,30.1,29.7,29.1,33.2,68.4,77.8,885.4,882
9/24/2024 06:34,PM1,27.64,33.1,20.69,23.56,13.78,15.68,4.84,3.94,3.39,3.36,2.9,2.75,30.1,29.7,29.1,33.3,68.3,77.7,885.3,882
9/24/2024 06:35,PM1,29.23,33.27,22.65,23.93,13.99,16.3,4.67,4.33,3.33,3.43,2.79,3.24,30.1,29.7,29,33.2,67.9,77.3,885.3,882
9/24/2024 06:36,PM1,28.82,33.24,21.24,24.66,14.45,16.5,4.39,5.27,3.72,3.55,2.73,2.17,30.1,29.7,29,33.1,67.5,77.1,885.2,881.9
9/24/2024 06:37,PM1,29.46,34.19,21.74,24.87,14.29,15.65,4.23,4.22,3.56,3.8,2.68,2.55,30.1,29.7,29,33.1,67.1,77,885.2,881.8
9/24/2024 06:38,PM1,30.46,33.37,22.02,24.11,14.66,16.47,4,4.06,3.54,3.97,2.75,2.4,30.1,29.7,29,33,65.8,75.7,885.1,881.8
9/24/2024 06:39,PM1,31.19,33.16,22.26,24.72,14.12,16.61,4.8,4.48,3.94,3.76,2.49,3.29,30.1,29.7,29,33,64.7,74.5,885.2,881.8
9/24/2024 06:40,PM1,30.16,32.34,21.75,22.81,13.42,17.1,4.3,4.51,3.45,3.15,2.31,2.83,30.1,29.7,29,33,63.6,73.5,885.2,881.9
9/24/2024 06:41,PM1,28.84,31.57,21.56,22.18,13.67,15.06,4.54,4.16,3.62,3.45,3.01,2.71,30.1,29.7,29,33.1,62,71.6,885.2,881.8
9/24/2024 06:42,PM1,28.9,30.3,20.76,21.63,13.69,13.89,4.82,3.87,3.69,3.19,2.37,2.6,30.1,29.7,29,33.2,59.5,68.6,885.1,881.8
9/24/2024 06:43,PM1,27.37,29.2,20.3,20.32,13.86,14.36,4.09,4.18,3.35,3.25,2.52,2.76,30.1,29.7,29,33.2,56.9,65.5,885.1,881.8
9/24/2024 06:44,PM1,27.68,28.33,20.07,20.8,13.88,13.52,4.32,3.38,3.65,3.18,2.52,2.93,30.1,29.7,29,33,54.5,62.8,885.1,881.7
9/24/2024 06:45,PM1,27.23,27.93,20.45,19.37,13.95,13.13,4.43,4.07,3.11,2.86,2.36,2.36,30.1,29.7,29,33,52.3,60.1,885.1,881.7
9/24/2024 06:46,PM1,27.13,26.71,19.21,18.9,12.66,12.38,3.9,3.89,3.34,3.15,2.68,2.46,30.1,29.7,29,32.9,50.4,57.9,885.1,881.7
9/24/2024 06:47,PM1,25.99,27.3,18.57,19.39,12.25,12.06,4.07,4.17,2.69,3.42,2.71,1.46,30.1,29.7,29,32.9,49.6,56.8,885,881.7
9/24/2024 06:48,PM1,26.13,25.83,18.49,18.49,12.61,12.57,3.71,3.61,3.11,2.47,2.14,1.92,30.1,29.7,29.1,32.9,48.4,55.3,885,881.7
9/24/2024 06:49,PM1,26.24,25.78,18.71,18.1,11.86,12.57,4.21,3.48,3.02,2.9,2.62,2.38,30.1,29.7,29.1,33,47.3,53.8,885,881.6
9/24/2024 06:50,PM1,25.52,25.75,18.2,17.63,11.88,11.86,3.95,4.06,3.08,3.43,2.55,2.58,30.1,29.7,29.1,33,46.3,52.6,884.9,881.6
9/24/2024 06:51,PM1,26.16,25.03,18.66,18.21,12.19,12.16,4.22,3.88,3.43,3.59,2.63,2.38,30.1,29.7,29.1,33,45.4,51.5,884.9,881.6
9/24/2024 06:52,PM1,26.42,25.64,18.91,18.85,12.44,12.7,4.45,3.6,3.23,3.6,2.87,2.22,30.1,29.7,29.1,32.8,44.6,50.6,884.9,881.6
9/24/2024 06:53,PM1,26.52,25.63,19.2,18.68,13,12.48,4.34,3.45,3.12,3.01,2.82,2.47,30.1,29.7,29,32.8,43.9,50.1,884.9,881.5
9/24/2024 06:54,PM1,27.09,26.96,19.61,19.66,13.32,12.82,4.18,3.94,3.74,3.17,2.95,2,30.1,29.7,29,32.7,43.4,49.7,884.9,881.6
9/24/2024 06:55,PM1,28.05,28.08,20.64,19.31,13.85,12.94,4.37,4.07,3.45,3.4,2.09,2.23,30.1,29.7,29,32.6,43,49.4,884.9,881.6
9/24/2024 06:56,PM1,27.98,27.67,20.43,19.99,13.82,12.8,4.26,3.97,3.22,3.52,2.92,2.45,30.1,29.7,29,32.7,42.7,49.2,884.9,881.6
9/24/2024 06:57,PM1,29.09,28.73,21.21,19.85,13.86,13.83,3.88,4.42,3.6,3.11,2.76,2.5,30.1,29.7,29,32.7,42.5,49,884.9,881.5
9/24/2024 06:58,PM1,30.13,28.13,21.32,20.63,14.21,12.99,4.7,4.48,3.74,3.45,2.92,2.07,30.1,29.7,29,32.8,42.3,48.9,884.9,881.5
9/24/2024 06:59,PM1,29.82,30.12,21.58,20.88,14.43,14.06,4.12,3.85,3.5,3.16,3.24,2.38,30.1,29.7,29,32.9,42.1,48.6,884.9,881.5
9/24/2024 07:00,PM10,,,,,,,,,,,,,,,,,,,,
9/24/2024 07:01,PM10,34.13,32.65,23.97,24.68,17.47,16.93,4.95,4.68,3.97,3.92,3.71,2.53,30.1,29.7,29,32.9,41.8,47.8,892.6,889.2
9/24/2024 07:02,PM10,33.33,33.53,25.11,24.6,18.1,16.79,5.49,4.84,5.2,3.77,3.05,2.56,30.1,29.7,29,33,41.6,47.5,892.6,889.2
9/24/2024 07:03,PM10,32.77,32.85,25.27,23.64,16.9,17.04,4.57,4.82,4.12,3.4,3.59,3.07,30.1,29.7,29.1,33,41.5,47.3,892.6,889.2
9/24/2024 07:04,PM10,32.99,33.05,24.33,23.59,18.03,17.21,4.91,4.23,4.15,4.21,3.18,3.28,30.1,29.7,29.1,33,41.5,47.2,892.6,889.2
9/24/2024 07:05,PM10,34.35,31.65,24.14,24.27,17.16,15.47,4.79,4.48,3.93,3.55,2.92,2.42,30.1,29.7,29.1,33.1,41.5,47.1,892.6,889.2
9/24/2024 07:06,PM10,32.19,31.1,24.94,22.97,16.46,15.02,5.26,4.2,3.83,3.71,3.16,2.88,30.1,29.7,29.1,33.2,41.5,47,892.6,889.2
9/24/2024 07:07,PM10,31.05,30.25,22.51,22.59,16.61,16.59,5.69,4.85,4.36,4.19,3.33,3.14,30.1,29.7,29.1,33.3,41.5,46.9,892.6,889.2
9/24/2024 07:08,PM10,31.12,29.34,24.22,22.69,19.29,16.61,5.46,4.37,3.87,3.77,3.48,3.78,30.1,29.7,29.1,33.2,41.3,46.7,892.6,889.2
9/24/2024 07:09,PM10,30.07,30.32,23.19,22.25,16.62,17.28,5.54,4.2,3.61,3.09,3.27,2.15,30.1,29.7,29.1,33.2,41.2,46.5,892.6,889.2
9/24/2024 07:10,PM10,29.57,28.73,22.93,22.55,16.9,16.02,4.81,4.45,3.81,3.43,3.76,2.33,30.1,29.7,29.1,33.2,41.1,46.5,892.6,889.2
9/24/2024 07:11,PM10,29.51,28.98,23.03,22.02,17.06,14.68,4.45,4.34,2.83,3.24,3.08,3.37,30.1,29.7,29.1,33.1,41,46.4,892.6,889.2
9/24/2024 07:12,PM10,30.02,27.94,21.63,21.49,15.43,15.07,4.49,4.59,3.21,3.67,3.4,1.86,30.1,29.7,29.1,33.2,41,46.5,892.6,889.2
9/24/2024 07:13,PM10,29.11,28.83,21.79,20.85,14.99,14.49,4.27,4.26,3.92,3.29,3.68,2.24,30.1,29.7,29.1,33.2,41.1,46.7,892.6,889.3
9/24/2024 07:14,PM10,28.92,26.68,24.6,20.86,14.2,14.43,4.35,4.72,3.7,2.26,3.08,2.44,30.1,29.7,29.1,33.3,41.8,47.6,892.7,889.3
9/24/2024 07:15,PM10,29.19,26.54,22.22,20.13,16.48,14.02,4.7,3.74,3.69,3.11,3.23,2.7,30.1,29.6,29,33.4,42.6,48.5,892.7,889.3
9/24/2024 07:16,PM10,29.94,29.26,22.11,21.42,15.01,15.25,4.57,4.22,4.27,3.48,3.32,2.53,30.1,29.6,29,33.4,45.6,52,892.7,889.3
9/24/2024 07:17,PM10,28.84,30.62,22.4,21.89,17.42,15.55,5.04,4.94,3.86,4.22,3.38,3.07,30.1,29.6,29,33.3,48.4,55.2,892.7,889.3
9/24/2024 07:18,PM10,30.65,30.34,23.5,21.87,16.2,16.5,4.79,4.7,4.01,3.52,3.52,3.43,30.1,29.6,29.1,33.3,51.3,58.4,892.6,889.3
9/24/2024 07:19,PM10,30.84,30.72,24.41,23.93,16.59,17.61,4.67,5.12,4.39,3.92,3.18,3.29,30.1,29.6,29.1,33.3,54,61.6,892.6,889.3
9/24/2024 07:20,PM10,32.01,32.83,23.24,24.91,17.89,16.89,5.27,4.29,4.14,3.78,3.39,3.29,30.1,29.6,29.1,33.3,57.3,65.3,892.6,889.3
9/24/2024 07:21,PM10,31.5,33.6,23.44,25.17,18.29,18.57,5.39,4.68,4.28,3.24,3.53,3.38,30.1,29.6,29.2,33.4,60.1,68.5,892.6,889.3
9/24/2024 07:22,PM10,32.76,35.61,24.03,26.68,18.82,19.11,5.15,4.62,4.1,3.95,3.46,2.57,30.1,29.6,29.2,33.5,62.2,71.1,892.6,889.3
9/24/2024 07:23,PM10,33.64,35.5,26.23,27.17,18.03,20.08,5.84,5.2,4.76,4.29,3.78,2.67,30.1,29.6,29.2,33.6,63.2,72.4,892.6,889.3
9/24/2024 07:24,PM10,33.94,37.57,26.15,27.71,17.63,20.3,5.33,5.23,4.37,3.97,3.55,3.02,30.1,29.7,29.2,33.6,64.5,74.1,892.6,889.3
9/24/2024 07:25,PM10,33.99,37.6,25.13,28.49,18.57,19.78,5.39,5.41,4.51,4.51,3.43,3.51,30.1,29.7,29.2,33.5,65.3,75.1,892.6,889.3
9/24/2024 07:26,PM10,33.93,38.23,25.17,29.85,18.1,22.4,5.7,5.28,4.15,4.44,2.86,3.76,30.1,29.6,29.1,33.4,66.2,76.4,892.6,889.3
9/24/2024 07:27,PM10,34,37.85,25.68,28.53,18.47,19.33,5.28,4.98,4.33,4.34,3.3,3.25,30.1,29.6,29.1,33.4,67,77.6,892.6,889.2
9/24/2024 07:28,PM10,32.87,38.31,25.49,28.64,18.32,20.83,5.24,5.24,4.14,4.55,3.18,3.02,30.1,29.6,29.1,33.4,67.7,78.6,892.6,889.2
9/24/2024 07:29,PM10,32.4,37.36,25.22,28.17,17.29,21.8,5.19,5.42,4.36,4.15,3.97,3.06,30.1,29.6,29.1,33.4,68.5,79.8,892.5,889.2
9/24/2024 07:30,PM1,,,,,,,,,,,,,,,,,,,,
9/24/2024 07:31,PM1,27.48,32.27,19.69,22.75,14.53,16.73,4.44,3.79,3.44,3.3,2.76,2.93,30.1,29.7,29,33.3,68.7,79,885,881.7
9/24/2024 07:32,PM1,27.36,31.32,19.45,22.04,13.6,15.77,4.8,3.7,3.45,3.61,2.34,3.09,30.1,29.7,29,33.3,67.4,77.7,885,881.7
9/24/2024 07:33,PM1,26.54,30.35,20.09,22.09,12.84,15,4.2,4.06,3.36,3.41,2.7,2.37,30.1,29.7,29,33.1,67.5,77.7,885,881.7
9/24/2024 07:34,PM1,25.75,30.82,19.24,22.33,13.43,15.15,4.38,4.12,3.63,3.09,3.06,2.63,30.1,29.7,29,33.1,67.3,77.5,885,881.7
9/24/2024 07:35,PM1,25.56,29.99,19.02,20.8,12.98,14.28,4.11,4.37,3.22,3.22,2.74,2.89,30.1,29.7,29,33.1,67.3,77.4,885,881.7
9/24/2024 07:36,PM1,25.45,29.45,18.42,21.15,13.01,14.02,3.56,4.4,2.97,3.52,2.75,2.56,30.1,29.7,29.1,33.1,67,76.9,885,881.7
9/24/2024 07:37,PM1,25.3,27.67,17.72,20.96,13.16,14.32,3.81,3.61,3.14,3.77,2.69,1.98,30.1,29.7,29.1,33.1,67,76.8,885,881.7
9/24/2024 07:38,PM1,25.87,28.83,18.17,20.32,12.5,13.52,3.87,3.68,3.77,3.47,2.45,2.51,30.1,29.7,29.1,33.3,66.4,75.9,885,881.7
9/24/2024 07:39,PM1,25.53,28.36,18.66,20.77,12.54,13.43,4.03,3.84,2.9,3.41,2.56,2.86,30.1,29.7,29.1,33.4,65.3,74.5,885,881.7
9/24/2024 07:40,PM1,26.15,28.47,19.13,21.2,14.18,15.66,3.91,4.32,2.78,3.09,2.67,2.29,30.1,29.7,29.1,33.4,64.5,73.3,885,881.7
9/24/2024 07:41,PM1,26.8,28.27,19.44,21.86,12.69,15.04,4.88,4.44,3.19,3.04,2.39,2.97,30.1,29.7,29.1,33.3,62.8,71.3,885,881.7
9/24/2024 07:42,PM1,27.67,28.09,19.15,20.58,13.33,14.07,4.2,4.36,3.56,3.74,2.45,1.83,30.1,29.7,29.1,33.2,60.3,68.3,885,881.7
9/24/2024 07:43,PM1,28.01,28.65,20.68,19.97,13.22,14.09,4.36,3.89,3.48,3.62,2.35,2.52,30.1,29.7,29.1,33.2,57.7,65.3,885,881.6
9/24/2024 07:44,PM1,28.41,28.61,21.13,21.06,14.28,14.05,4.17,4.21,3.83,3.42,2.51,2.65,30.1,29.7,29.1,33.1,55.5,63,885,881.7
9/24/2024 07:45,PM1,29.61,28,21.17,21.09,14.24,15.69,4.17,4.35,3.64,3.32,2.88,1.71,30.1,29.7,29,33.2,53.1,60.6,885,881.7
9/24/2024 07:46,PM1,28.8,29.32,21.44,20.78,14.3,14.4,4.34,4,3.73,3.43,2.67,3.36,30.1,29.7,29,33.3,51.1,58.5,885,881.7
9/24/2024 07:47,PM1,30,29.78,21.36,21.66,14.67,15.62,4.23,4.57,3.6,2.83,2.12,2.61,30.1,29.7,29,33.4,49.9,57.3,885,881.7
9/24/2024 07:48,PM1,30.56,30.64,22.28,21.66,15.59,14.59,4.62,3.66,3.66,3.22,2.64,2.63,30.1,29.7,29,33.4,48.6,56,885,881.6
9/24/2024 07:49,PM1,30.8,29.91,22.74,21.88,16.12,15.49,4.12,4.14,3.84,4.1,3.25,2.69,30.1,29.7,29,33.4,47.3,54.6,884.9,881.6
9/24/2024 07:50,PM1,31.96,31.46,23.18,22.15,16.67,14.82,4.81,4.06,3.9,3.89,2.53,3,30.1,29.7,28.9,33.3,46.3,53.6,884.9,881.6
9/24/2024 07:51,PM1,32.09,31.68,23.2,23.44,15.02,15.24,4.83,4.45,3.69,3.86,2.79,2.55,30.1,29.7,28.9,33.3,45.6,52.6,884.9,881.6
9/24/2024 07:52,PM1,31.31,30.51,23.32,22.47,15.46,15.28,4.39,3.83,3.88,3.82,3.21,2.73,30.1,29.6,29,33.3,45,51.8,884.9,881.6
9/24/2024 07:53,PM1,30.43,29.94,22.09,21.06,14.51,14.37,4,3.85,2.88,3.64,2.93,1.68,30.1,29.7,29,33.3,44.5,51.2,884.9,881.6
9/24/2024 07:54,PM1,28.95,27.71,20.6,20.38,13.53,13.63,4.36,4.26,3.58,2.88,2.85,2.67,30.1,29.6,29,33.4,44.2,50.7,884.9,881.6
9/24/2024 07:55,PM1,27.84,27.15,21.59,19.1,14.03,14.28,3.97,4.23,3.28,3.21,2.82,2.47,30.1,29.6,29,33.4,43.9,50.3,884.9,881.6
9/24/2024 07:56,PM1,27.07,26.03,19.32,18.91,13.51,11.95,3.61,4.37,3.48,3.09,2.46,1.43,30.1,29.6,29,33.5,43.6,49.7,884.9,881.6
9/24/2024 07:57,PM1,26.77,24.79,18.88,19.53,12.84,12.89,3.57,3.35,3.37,3.57,2.03,1.85,30.1,29.6,29.1,33.4,43.2,49.1,885,881.6
9/24/2024 07:58,PM1,25.03,25.05,18.75,17.68,12.56,11.41,3.6,3.38,2.98,3.47,2.91,1.77,30.1,29.6,29.1,33.3,42.9,48.6,884.9,881.6
9/24/2024 07:59,PM1,24.33,24.07,17.92,17.92,13.05,11.6,3.82,3.76,3.03,2.91,2.2,1.74,30.1,29.6,29.1,33.2,42.6,48.1,884.9,881.6
9/24/2024 08:00,PM10,,,,,,,,,,,,,,,,,,,,
9/24/2024 08:01,PM10,26.44,24.93,20.06,18.65,14.49,13.9,4.27,4.29,3.42,3.52,2.78,2.24,30.1,29.6,29.1,33.4,42.2,48.1,892.7,889.3
9/24/2024 08:02,PM10,25.9,24.42,19.61,18.8,14.26,13.03,4.14,3.75,3.33,2.98,3,2.01,30.1,29.6,29,33.5,42.1,48,892.7,889.3
9/24/2024 08:03,PM10,24.53,24.34,18.78,18.15,14.44,12.84,3.91,3.52,3.65,2.97,2.21,2.08,30.1,29.6,29,33.5,42,48,892.7,889.3
9/24/2024 08:04,PM10,26.08,25,18.58,18.54,14.12,12.85,4.28,4.08,2.95,3.08,2.76,2.07,30.1,29.6,29,33.6,41.9,47.9,892.7,889.3
9/24/2024 08:05,PM10,26.03,25.2,19.33,18.96,14.44,14.04,3.53,3.73,3.76,2.79,2.53,2.38,30.1,29.6,29,33.5,41.7,47.6,892.6,889.3
9/24/2024 08:06,PM10,27.2,25.71,19.72,18.65,14.26,14.36,4.48,3.6,3.55,2.81,2.91,1.64,30.1,29.6,29,33.4,41.5,47.4,892.6,889.2
9/24/2024 08:07,PM10,28.49,26,21.93,21.04,14.54,14.38,4.81,4.25,3.59,3.62,2.87,2.65,30.1,29.6,29,33.3,41.4,47.2,892.6,889.2
9/24/2024 08:08,PM10,29.45,28.77,22.16,21.32,15.93,15.77,5.28,4.46,3.73,3.65,3.17,2.1,30.1,29.6,29,33.2,41.3,47.1,892.6,889.2
9/24/2024 08:09,PM10,28.5,27.63,21.07,20.99,14.57,13.97,3.88,3.39,3.19,2.94,2.54,2.06,30.1,29.6,29,33.2,41.3,47,892.6,889.2
9/24/2024 08:10,PM10,29.43,28.73,22.2,20.47,14.85,14.47,4.55,4.08,3.76,3.06,2.61,2.49,30.1,29.6,29.1,33.3,41.3,46.9,892.6,889.2
9/24/2024 08:11,PM10,29.05,28.88,22.45,21.43,15.55,14.39,4.61,3.71,3.83,3.21,2.33,2.59,30.1,29.6,29.1,33.3,41.4,46.9,892.5,889.1
9/24/2024 08:12,PM10,31.51,29.82,23,22.68,16.51,15.86,5,4.34,3.66,3.31,3.17,2.3,30.1,29.6,29.1,33.4,41.4,46.9,892.5,889.1
9/24/2024 08:13,PM10,29.91,29.19,22.18,21.75,16.25,15.19,3.72,4.35,3.5,3.03,2.65,2.66,30.1,29.6,29.1,33.3,41.4,46.7,892.4,889.1
9/24/2024 08:14,PM10,30.8,30.15,22.25,22.3,16.52,15.61,4.25,4.64,3.43,3.41,2.88,3.17,30.1,29.6,29.1,33.2,42,47.3,892.4,889.1
9/24/2024 08:15,PM10,28.86,28.86,21.94,19.82,15.43,14.27,4.71,3.92,3.72,3.56,2.58,2.18,30,29.6,29.1,33.1,42.8,48.2,892.5,889.1
9/24/2024 08:16,PM10,31.05,29.94,23.28,21.95,15.6,15.82,5.2,4.58,3.9,3.25,3.12,2.81,30,29.6,29.1,33,46,51.8,892.5,889.1
9/24/2024 08:17,PM10,29.91,29.79,22.55,21.47,15.53,14.64,4.44,4.08,3.71,3.43,3.12,2.96,30,29.6,29.1,33,48.9,55.2,892.5,889.1
9/24/2024 08:18,PM10,29.69,30.12,21.96,22.11,15.49,15.89,4.33,4.62,3.42,3.52,3.01,2.65,30,29.6,29.1,33.1,51.5,58.3,892.5,889.2
9/24/2024 08:19,PM10,29.51,30.06,22.03,22.54,16.48,15.64,4.77,4.14,3.48,3.36,3.36,2.71,30,29.6,29.1,33.1,54.2,61.6,892.5,889.2
9/24/2024 08:20,PM10,28.58,30.8,20.94,23.28,14.66,15.57,4.78,4,3.39,3.25,2.4,2.5,30,29.6,29.1,33.2,57.1,65.1,892.5,889.2
9/24/2024 08:21,PM10,27.54,30.06,20.45,21.54,15.41,14.68,4.19,3.96,3.32,3.07,2.47,2.56,30,29.6,29,33.1,59.6,68.3,892.5,889.1
9/24/2024 08:22,PM10,27.62,29.65,19.77,21.61,13.93,15.83,3.84,3.47,3.43,3.5,2.58,2.35,30,29.6,29,33,61.5,70.7,892.5,889.1
9/24/2024 08:23,PM10,26.54,29.54,18.97,21.55,13.99,15.15,4.14,4.08,3.54,2.69,2.48,2.85,30,29.6,29,33,62.5,72.1,892.5,889.1
9/24/2024 08:24,PM10,25.98,29.6,19.89,21.29,13.9,16.14,3.82,4.18,3.09,3.77,2.11,2.6,30,29.6,29,32.9,63.9,73.9,892.5,889.1
9/24/2024 08:25,PM10,25.32,29.29,19.2,21.59,13.18,16.06,4.24,3.95,2.92,3.57,2.65,2.36,30,29.6,29.1,32.9,65.1,75.4,892.5,889.1
9/24/2024 08:26,PM10,25.38,28.09,18.13,21.51,12.07,14.85,3.54,3.64,2.93,3.23,2.93,2.19,30,29.6,29.1,32.9,65.8,76.3,892.5,889.2
9/24/2024 08:27,PM10,25.15,29.92,19.57,22.01,13.8,15.74,4.17,3.79,3.4,3.08,1.89,2.54,30,29.6,29.1,33,67.2,77.8,892.6,889.2
9/24/2024 08:28,PM10,25.46,31.5,19.31,23.14,13.66,15.8,4.45,4.36,3.42,2.92,2.62,2.59,30,29.6,29.1,33.1,68.1,78.9,892.6,889.2
9/24/2024 08:29,PM10,26.73,30.98,19.8,23.37,14.25,15.45,3.9,3.35,3.25,3.32,3.04,1.97,30,29.6,29.1,33.1,68.5,79.4,892.6,889.3
9/24/2024 08:30,PM1,,,,,,,,,,,,,,,,,,,,
9/24/2024 08:31,PM1,25.34,31.14,18.37,22.37,12.33,14.29,4.02,3.41,2.49,2.91,2.11,2.48,30,29.6,29.1,32.5,69.5,78.7,885,881.7
9/24/2024 08:32,PM1,26.8,31.39,18.86,22.97,13.12,14.95,3.92,4.17,2.73,3.12,2.37,2.03,30,29.6,29.1,32.4,68.5,77.5,885,881.7
9/24/2024 08:33,PM1,26.26,30.87,19.55,23.22,13.38,15.35,4.02,3.9,2.86,3.2,2.22,2.01,30,29.6,29.1,32.4,68.8,77.8,885.1,881.7
9/24/2024 08:34,PM1,26.98,30.5,19.32,22.43,12.99,15.82,4.16,3.85,3.36,3.44,2.82,2.32,30,29.6,29.1,32.4,68.5,77.6,885.1,881.8
9/24/2024 08:35,PM1,27.51,32.34,21.12,23.49,13.5,16.89,4.35,4.38,3.34,3.12,2.62,2.65,30,29.6,29.1,32.4,68.4,77.7,885.1,881.8
9/24/2024 08:36,PM1,28.4,32.29,20.39,23.73,13.55,16.28,4.53,4.12,3.24,3.64,1.83,2.63,30,29.6,29,32.5,67.6,77.2,885.1,881.8
9/24/2024 08:37,PM1,30.74,34.17,22.26,25.36,15.63,17.3,4.44,4.52,3.35,3.31,2.96,2.25,30,29.6,29,32.5,67.3,77.1,885.1,881.8
9/24/2024 08:38,PM1,31.47,35.07,22.77,26.08,15.01,17.44,4.71,4.55,3.79,3.49,3.05,2.6,30,29.6,29,32.4,66,75.7,885.1,881.8
9/24/2024 08:39,PM1,30.62,33.23,20.8,23.81,14.82,17.02,4.42,4.87,3.98,3.65,2.57,2.86,30,29.6,29,32.4,64.8,74.5,885.1,881.8
9/24/2024 08:40,PM1,30.15,33.64,21.87,25.27,14.47,16.96,4.66,4.03,3.69,3.52,2.97,2.7,30,29.6,29,32.3,63.8,73.3,885.1,881.8
9/24/2024 08:41,PM1,30.47,32.16,20.68,23.79,14.62,15.85,4.2,4.39,3.39,2.92,2.34,2.78,30,29.6,29,32.3,62.2,71.4,885.1,881.7
9/24/2024 08:42,PM1,30.24,30.81,21.74,23.03,15,15.7,4.43,4.14,3.58,3.23,2.59,2.38,30,29.6,29,32.4,59.7,68.5,885.1,881.8
9/24/2024 08:43,PM1,29.29,30.47,21.48,21.66,14.55,14.42,4.38,3.82,3.69,3.45,2.5,2.77,30,29.6,29,32.5,57.2,65.5,885.1,881.8
9/24/2024 08:44,PM1,28.29,28.61,19.98,21.28,13.31,13.45,4.03,3.7,3.12,3.17,2.44,2.55,30,29.6,29,32.6,55,63,885.1,881.8
9/24/2024 08:45,PM1,27.06,27.14,19.45,19.26,13.01,13.18,4.49,3.38,3.19,3.23,2.59,2.47,30,29.6,29,32.6,52.8,60.3,885.1,881.8
9/24/2024 08:46,PM1,27.14,26.56,18.59,19.02,12.25,12.16,3.92,3.52,3.11,3.08,2.33,2.12,30,29.6,29,32.6,50.7,58,885.1,881.8
9/24/2024 08:47,PM1,25.36,25.7,18.5,17.89,12.04,11.42,3.69,4.21,3.05,3.04,2.48,2.49,30,29.6,29,32.5,49.9,56.7,885.1,881.8
9/24/2024 08:48,PM1,24.55,25.37,17.42,17.59,12.34,12.38,3.81,3.79,3.33,2.93,2.63,2.05,30,29.6,29.1,32.5,48.5,55,885.1,881.7
9/24/2024 08:49,PM1,24.57,24.24,17.46,17.62,11.64,11.67,3.74,3.28,2.88,2.91,2.44,2.25,30,29.6,29.1,32.5,47.2,53.5,885,881.7
9/24/2024 08:50,PM1,24.37,24.13,17.27,16.91,12.18,10.99,3.71,3.44,2.8,2.73,2.24,2.01,30,29.6,29.1,32.5,46.2,52.3,884.9,881.6
9/24/2024 08:51,PM1,24.03,24.98,17.91,15.9,12.42,10.64,3.69,3.06,2.87,2.69,2.15,2.69,30,29.6,29.1,32.5,45.4,51.3,885,881.7
9/24/2024 08:52,PM1,24.85,24.28,18.81,16.86,12.68,11.42,3.96,3.51,2.7,2.77,2.07,1.36,30,29.6,29,32.6,44.7,50.7,885,881.7
9/24/2024 08:53,PM1,26.77,25.57,18.89,18.57,12.75,12.17,4.46,3.56,4.32,2.95,2.46,1.67,30,29.6,29,32.6,44.1,50.3,885,881.7
9/24/2024 08:54,PM1,27.64,26.24,19.38,18.57,13,12.38,3.63,3.59,3.24,2.9,2.66,1.51,30,29.6,29,32.6,43.5,49.8,885,881.7
9/24/2024 08:55,PM1,28.41,25.55,19.26,18.85,12.72,12.54,4.38,3.59,3.53,3.07,2.71,2.32,30,29.6,29,32.5,43,49.5,885.1,881.8
9/24/2024 08:56,PM1,28.07,26.13,19.46,18.83,14.08,12.89,4.06,3.64,3.16,3.12,2.17,2.72,30,29.6,29,32.5,42.7,49.1,885.1,881.7
9/24/2024 08:57,PM1,28.6,27.59,20.05,19.63,13.69,13,3.97,4.24,3.1,3.04,2.91,2.65,30,29.6,29,32.4,42.4,48.8,885.1,881.8
9/24/2024 08:58,PM1,29.1,27.2,20.56,19.49,13.72,13.9,4.12,3.5,3.38,2.58,3.12,2.24,30,29.6,29,32.5,42.2,48.6,885.1,881.8
9/24/2024 08:59,PM1,28.99,27.33,21.06,20.35,14.46,13.3,4,4.16,3.54,3.28,2.37,2.84,30,29.6,29,32.5,42,48.4,885.1,881.8
9/24/2024 09:00,PM10,,,,,,,,,,,,,,,,,,,,
9/24/2024 09:01,PM10,31.86,30.55,24.44,23.11,16.44,16.83,4.68,4.53,4,3.47,3.01,2.67,30,29.6,29,33,42,47.9,892.9,889.5
9/24/2024 09:02,PM10,31.68,30.58,24.03,21.84,16.67,16.38,4.62,4.17,3.59,4.2,3.37,2.42,30,29.6,29,33,41.8,47.5,892.9,889.5
9/24/2024 09:03,PM10,31.98,30.14,23.93,23.55,16.24,16.6,4.69,4.4,4.23,3.26,2.83,2.9,30,29.6,29,32.9,41.7,47.3,892.9,889.6
9/24/2024 09:04,PM10,31.28,30.43,23.41,23.79,15.93,16.49,4.89,5.02,3.7,4.29,3.1,3.04,30,29.6,29.1,32.9,41.6,47,892.9,889.6
9/24/2024 09:05,PM10,32.12,30.77,23.92,23.16,17.08,16.41,5.42,4.11,3.8,3.91,3.22,2.91,30,29.6,29.1,32.9,41.5,46.8,892.9,889.5
9/24/2024 09:06,PM10,31.17,30.37,23.11,21.8,16.68,15.61,4.53,4.56,3.71,3.66,2.76,2.15,30,29.5,29.1,32.9,41.5,46.7,892.9,889.5
9/24/2024 09:07,PM10,31.62,29.91,23.33,21.88,17.19,16.15,4.51,4.19,3.64,4.45,2.95,2.65,30,29.5,29.1,33,41.4,46.7,892.9,889.5
9/24/2024 09:08,PM10,30.62,29.47,23.1,21.6,15.75,14.77,4.81,4.05,3.79,3.45,3.13,3.23,30,29.5,29.1,33.1,41.4,46.6,892.9,889.6
9/24/2024 09:09,PM10,31.43,30.56,21.91,21.94,15.76,16.08,4.9,4.59,2.85,3.75,3.44,2.55,30,29.5,29,33.2,41.4,46.7,892.9,889.5
9/24/2024 09:10,PM10,31.62,30.34,24.72,22.99,16.85,15.5,4.66,4.15,4.21,3.69,3.01,1.8,30,29.5,29,33.2,41.2,46.7,892.9,889.6
9/24/2024 09:11,PM10,30.79,29.18,21.79,22.09,15.51,14.87,4.51,4.38,4.17,3.47,3.01,2.78,30,29.5,29,33.2,41.1,46.7,892.9,889.5
9/24/2024 09:12,PM10,29.61,27.81,21.23,20.03,14.55,14.43,4.04,4.04,3.56,3.71,3.05,1.92,30,29.5,29,33.2,41.1,46.7,892.9,889.5
9/24/2024 09:13,PM10,29.02,27.8,21.39,20.53,14.71,14.9,4.41,3.78,3.24,3.49,2.95,2.42,30,29.5,29,33.2,41.2,46.8,892.9,889.5
9/24/2024 09:14,PM10,29.16,27.37,21.66,20.58,15.38,14.86,3.92,3.61,3.72,2.58,3.23,2.7,30,29.5,29,33.2,41.8,47.5,892.9,889.5
9/24/2024 09:15,PM10,30.5,30.19,23.37,21.75,16.13,15.35,4.75,4.54,3.51,3.68,2.46,3.19,30,29.5,29,33.3,42.7,48.5,892.8,889.5
9/24/2024 09:16,PM10,32.55,31.58,24.58,23.54,16.93,16.14,4.79,4.68,3.92,4.13,3.66,2.82,30,29.5,29,33.5,45.9,52.2,892.9,889.5
9/24/2024 09:17,PM10,32.17,30.27,23.12,22.93,17.21,15.16,4.65,3.82,3.91,3.78,3.41,3,30,29.5,29,33.6,48.8,55.4,892.8,889.5
9/24/2024 09:18,PM10,34.11,32.96,24.7,24.65,17.04,17.92,4.92,4.7,3.89,3.55,3.45,2.11,30,29.5,29,33.6,51.6,58.6,892.9,889.5
9/24/2024 09:19,PM10,33.21,33.44,24.43,24.28,17.92,18.23,4.77,4.56,3.97,3.77,3.36,2.75,30,29.5,29.1,33.5,54.2,61.5,892.9,889.5
9/24/2024 09:20,PM10,33.34,33.39,24.71,25.78,16.91,17.38,4.87,5.51,3.67,3.78,3.06,3.23,30,29.5,29.1,33.5,57.4,65.1,892.9,889.5
9/24/2024 09:21,PM10,33.38,34.71,25.22,25.55,17.6,18.81,4.99,4.11,4.39,3.89,3.45,3.02,30,29.5,29.1,33.5,60.2,68.3,892.8,889.5
9/24/2024 09:22,PM10,33.2,33.63,24.01,26.63,17.16,19.17,4.88,4.34,3.69,3.99,3.39,2.91,30,29.5,29.1,33.4,62.1,70.7,892.8,889.5
9/24/2024 09:23,PM10,33.62,37.16,25.56,28.07,18.1,22.61,5.6,5.43,4.46,3.28,2.89,3.07,30,29.5,29.2,33.4,63.5,72.6,892.8,889.5
9/24/2024 09:24,PM10,34.16,38.65,24.91,27.78,16.69,19.82,4.88,5.04,4.01,4.72,2.67,2.66,30,29.5,29.2,33.5,64.8,74.3,892.8,889.4
9/24/2024 09:25,PM10,34.62,38.85,25.68,27.79,18.8,20.13,4.73,5.21,4.13,4.53,2.6,2.88,30,29.5,29.1,33.5,65.5,75.3,892.8,889.4
9/24/2024 09:26,PM10,35.46,40.57,26.92,29.65,18.85,20.49,4.97,4.66,4.18,3.96,3.48,3.12,30,29.5,29.1,33.5,66.4,76.5,892.8,889.5
9/24/2024 09:27,PM10,35.66,39.45,27.18,29.66,18.93,21.02,5.26,4.66,3.91,4.65,3.52,3.47,30,29.5,29.1,33.4,66.9,77.4,892.8,889.5
9/24/2024 09:28,PM10,35.58,41.05,25.96,29.49,17.57,20.57,5.13,5.7,4.42,3.36,3.36,3.65,30,29.5,29,33.3,67.7,78.6,892.8,889.5
9/24/2024 09:29,PM10,34.63,38.85,25.32,29.29,17.81,20.3,5.08,4.94,4.1,3.77,3.68,2.85,30,29.5,29,33.3,68.3,79.5,892.8,889.5
9/24/2024 09:30,PM1,,,,,,,,,,,,,,,,,,,,
9/24/2024 09:31,PM1,31.24,35.3,21.87,25.68,15.45,17.19,4.74,4.56,4.13,3.77,3.03,2.49,30,29.5,29,33,68.7,78.9,885.3,882
9/24/2024 09:32,PM1,29.3,34.37,21.26,24.08,14.77,16.39,4.18,4.71,3.26,3.65,2.98,2.33,30,29.5,29,33,67.8,77.8,885.3,882
9/24/2024 09:33,PM1,27.83,33.01,20.97,24.11,13.77,17.39,4.02,3.6,3.41,3.2,2.52,2.74,30,29.5,29,33.1,68,78,885.3,882
9/24/2024 09:34,PM1,27.7,31.98,19.86,23.68,13.26,15.93,4.3,4.38,3.46,3.17,2.47,2.22,30,29.5,29,33.1,67.7,77.6,885.4,882
9/24/2024 09:35,PM1,26.8,29.83,19.66,22.11,12.55,15.71,4.21,3.69,3.4,2.99,2.59,2.32,30,29.5,29,33.1,67.5,77.3,885.4,882.1
9/24/2024 09:36,PM1,25.72,29.47,18.38,20.53,12.72,14.73,4.08,3.42,2.83,3.52,2.75,2.49,30,29.5,29,33,67.2,76.9,885.4,882
9/24/2024 09:37,PM1,27.29,31.81,19.97,23.61,13.1,15.33,3.77,4.01,3.16,3,2.52,2.34,30,29.5,29,33,67.1,76.6,885.4,882
9/24/2024 09:38,PM1,29.22,32.91,20.96,24.37,14.09,16,4.26,4.25,3.41,3.62,2.9,2.62,30,29.5,29.1,33,66.5,75.6,885.3,882
9/24/2024 09:39,PM1,30.47,35.01,22.62,24.74,15.04,17.41,4.43,4.46,3.55,3.4,2.98,2.61,30,29.5,29.1,33,65.6,74.4,885.3,882
9/24/2024 09:40,PM1,32.7,35.51,23.55,26.67,16.42,17.06,4.59,4.75,4.09,3.91,2.69,2.92,30,29.5,29.1,33.2,64.9,73.4,885.3,882
9/24/2024 09:41,PM1,30.56,33.21,22.53,24.63,14.54,16.03,4.4,4.35,3.41,3.4,3.01,2.63,30,29.5,29.1,33.3,63.2,71.4,885.3,882
9/24/2024 09:42,PM1,32.76,34.27,23.9,24.5,15.63,16.3,4.56,4.52,3.54,3.41,3.03,2.28,30,29.6,29,33.4,60.7,68.5,885.3,882
9/24/2024 09:43,PM1,33.36,34.71,23.82,23.58,16.33,16.12,4.27,4.97,3.04,3.85,3.16,3.43,30,29.6,29,33.3,57.8,65.5,885.3,882
9/24/2024 09:44,PM1,33.74,33.98,24.26,24.63,16.36,17.4,4.65,5.46,3.63,4.1,3.38,2.44,30,29.6,29,33.3,55.5,63.1,885.3,882
9/24/2024 09:45,PM1,35.67,36.33,26,25.81,17.26,18.18,4.67,5.37,3.61,4.3,3.11,2.15,30,29.5,28.9,33.3,53.1,60.5,885.3,882
9/24/2024 09:46,PM1,35.6,34.99,24.64,26.07,17.18,16.71,4.97,4.98,3.98,3.97,2.96,2.97,30,29.6,29,33.2,51,58.4,885.3,882
9/24/2024 09:47,PM1,35.62,35.04,26.07,24.91,17.03,17.85,5.52,4.71,4.1,4.02,3.42,3.09,30,29.6,29,33.3,49.8,57.2,885.3,882
9/24/2024 09:48,PM1,36.35,35.95,26.29,26.08,17.95,17.01,5.33,5.29,3.88,3.96,3.5,2.92,30,29.5,28.9,33.3,48.6,55.9,885.3,881.9
9/24/2024 09:49,PM1,38.68,38.28,27.71,26.75,18.28,18.54,5.09,4.37,4.13,4.43,3.23,3.05,30,29.5,29,33.4,47.5,54.8,885.3,882
9/24/2024 09:50,PM1,39.54,37.41,28.95,27.82,18.75,19.06,5.47,4.74,4.49,4.47,3.06,2.9,30,29.5,28.9,33.5,46.7,53.8,885.3,882
9/24/2024 09:51,PM1,38.07,37.06,28.41,27.28,18.66,17.93,5.32,4.97,4.93,4.08,3.3,2.34,30,29.5,28.9,33.5,45.9,52.8,885.3,882
9/24/2024 09:52,PM1,38.14,37.82,28.09,27.93,18.72,18.8,5.1,5.52,4.43,4.13,3.52,3.4,30,29.6,28.9,33.4,45.2,52,885.4,882.1
9/24/2024 09:53,PM1,36.7,35.59,27.43,26.45,17.63,17.25,5.05,5.01,4.21,3.93,3.56,3.27,30,29.5,29,33.4,44.7,51.3,885.4,882.1
9/24/2024 09:54,PM1,36.23,35.73,26.43,25.22,17.91,16.43,5.23,4.8,4.01,4.59,3.5,3.05,30,29.5,29,33.4,44.3,50.7,885.4,882.1
9/24/2024 09:55,PM1,35.87,35.17,26.33,24.92,17.93,16.2,4.89,4.2,4.17,3.43,3.54,2.79,30,29.5,29,33.5,44,50.2,885.4,882
9/24/2024 09:56,PM1,34.28,34.17,25.09,24.22,16.86,16.31,4.58,4.48,3.77,4.39,3.11,2.92,30,29.5,29.1,33.6,43.8,49.7,885.3,882
9/24/2024 09:57,PM1,34.46,33.54,24.93,24.06,16.91,16.6,5.15,4.8,3.96,4.01,2.74,3.5,30,29.5,29.1,33.7,43.7,49.3,885.3,882
9/24/2024 09:58,PM1,32.27,33.33,23.76,23.87,16.27,15.24,4.47,4.69,4.11,3.82,3.22,2.43,30,29.5,29.1,33.8,43.5,49,885.3,882
9/24/2024 09:59,PM1,31.18,29.43,21.82,21.74,14.16,15.64,4.67,4.29,3.24,3.51,3.4,2.02,30,29.5,29,33.8,43.1,48.6,885.3,882
9/24/2024 10:00,PM10,,,,,,,,,,,,,,,,,,,,
9/24/2024 10:01,PM10,34.79,34.31,25.98,25.27,19.45,18.19,5.22,4.3,4.16,4.02,3.13,3.11,30,29.5,29,33.9,42.7,48.5,893,889.7
9/24/2024 10:02,PM10,35.62,34.37,25.91,25.45,18.16,17.9,5.09,4.4,4.35,3.41,3.19,3.9,30,29.5,29,33.9,42.5,48.4,893.1,889.7
9/24/2024 10:03,PM10,36.51,34.02,27.34,26.51,19.56,18.94,5.28,4.96,4.44,3.86,3.63,1.99,30,29.5,29,33.9,42.4,48.3,893.1,889.7
9/24/2024 10:04,PM10,37.36,35.97,27.79,26.87,18.82,18.03,5.21,4.84,4.43,4.63,3.02,3.17,30,29.5,29,34,42.4,48.3,893.2,889.8
9/24/2024 10:05,PM10,36.92,35.86,27.36,26.18,18.55,18.46,5.02,4.76,4.64,4.41,3.46,3.34,30,29.5,29,34.1,42.4,48.4,893.2,889.8
9/24/2024 10:06,PM10,34.24,34,26.04,24.94,17.66,16.86,5.03,5.31,3.85,4.39,3.03,3.61,30,29.5,29,34.3,42.5,48.4,893.2,889.8
9/24/2024 10:07,PM10,31.73,29.44,22.58,21,16.32,15.72,4.73,3.74,3.87,3.83,2.88,2.58,30,29.5,29,34.3,42.4,48.3,893.2,889.8
9/24/2024 10:08,PM10,32.88,31.25,25.6,24.02,17.45,17.69,4.93,4.59,3.85,3.53,3.19,2.97,30,29.5,29,34.2,42.2,48,893.2,889.8
9/24/2024 10:09,PM10,34.76,32.41,25.24,23.94,19.5,16.47,5.27,4.61,4.34,3.8,3.29,2.8,30,29.5,29,34.2,42.1,47.8,893.2,889.8
9/24/2024 10:10,PM10,34.49,33.19,25.94,24.05,18.66,17.18,5,4.47,4.16,4.14,3.72,2.89,30,29.5,29,34.1,42,47.6,893.1,889.8
9/24/2024 10:11,PM10,36.51,34.29,27.5,25.89,19.35,17.43,5.3,4.59,4.3,3.97,3.41,2.85,30,29.5,29.1,34,42,47.5,893.1,889.7
9/24/2024 10:12,PM10,36.89,34.94,28.38,25.63,20.19,18.3,5.38,4.9,4.28,4.01,3.18,3.62,30,29.5,29.1,34,42,47.4,893.1,889.7
9/24/2024 10:13,PM10,36.96,35.72,27.37,26.07,19.56,17.99,5.32,5.19,4.43,4.36,3.12,3.5,30,29.5,29.1,34.1,42.1,47.4,893.1,889.8
9/24/2024 10:14,PM10,37.31,34.94,28,25.8,19.42,19.2,5.51,4.62,4.46,4.14,3.86,3.58,30,29.5,29.1,34.2,42.5,47.8,893.1,889.8
9/24/2024 10:15,PM10,35.67,34.14,26.35,24.84,19.57,18.88,5.29,4.62,4.24,4.22,3.29,3.03,30,29.5,29.1,34.2,43.1,48.4,893.1,889.8
9/24/2024 10:16,PM10,34.56,35.41,26.33,26.08,18.56,18.65,5.28,4.68,4.77,3.82,3.66,3.26,30,29.5,29.1,34,46,51.8,893.1,889.8
9/24/2024 10:17,PM10,34.05,33.4,25.74,24.96,18.32,17.98,5.52,5.02,4.17,3.72,3.66,2.87,30,29.5,29.1,33.9,48.9,55.1,893.1,889.7
9/24/2024 10:18,PM10,33.08,33.77,25.62,26.64,18.56,18.34,4.42,5.04,4.42,4,2.82,2.95,30,29.5,29.1,33.8,51.7,58.4,893.1,889.8
9/24/2024 10:19,PM10,32.89,34.19,25.21,25.01,19.36,17.52,5.29,4.76,3.87,3.31,4.29,3.29,30,29.5,29.1,33.7,54.2,61.6,893.1,889.8
9/24/2024 10:20,PM10,31.9,32.97,24.41,25.31,17.39,18.14,4.92,4.74,4.18,3.88,3.73,3.04,30,29.5,29,33.7,57.2,65.1,893.1,889.8
9/24/2024 10:21,PM10,32.15,33.06,24.64,24.83,16.71,17.84,4.54,4.54,4.11,4.27,3.41,2.94,30,29.5,29,33.8,60,68.7,893.1,889.8
9/24/2024 10:22,PM10,29.99,30.88,22.19,22.82,16.1,15.99,4.42,4.24,4.04,3.84,2.91,3.55,30,29.5,29,33.8,61.5,70.6,893.1,889.7
9/24/2024 10:23,PM10,29.92,31.76,21.25,23.54,15.84,16.96,4.75,4.75,3.7,3.72,2.78,2.76,30,29.5,29,33.9,62.8,72.4,893.1,889.7
9/24/2024 10:24,PM10,26.15,27.72,19.27,20.72,14.54,15.51,4,3.62,3.41,3.78,2.83,2.7,30,29.5,29,33.7,64.1,74.1,893.1,889.7
9/24/2024 10:25,PM10,28.93,31.22,20.8,22.27,14.87,15.93,4.63,4.06,3.34,3.94,2.6,2.97,30,29.5,29,33.7,64.9,75.2,893.1,889.7
9/24/2024 10:26,PM10,29.5,32.39,22.33,24.4,15.49,18.51,4.83,4.85,3.65,3.75,3.42,2.63,30,29.5,29,33.6,66.1,76.5,893.1,889.7
9/24/2024 10:27,PM10,30.41,34.45,22.3,25.82,15.55,18.57,4.7,4.7,3.64,3.88,3.34,1.97,30,29.5,29.1,33.5,66.9,77.3,893,889.7
9/24/2024 10:28,PM10,30.49,34.34,22.99,27.84,17.41,18.32,5.18,4.39,4.1,4.47,2.95,2.85,30,29.5,29.1,33.6,68.1,78.7,893.1,889.7
9/24/2024 10:29,PM10,30.76,36.41,23.32,27.17,16.81,19.33,4.66,4.62,4.01,4.35,3.54,3.64,30,29.5,29.1,33.6,68.9,79.7,893.1,889.7
9/24/2024 10:30,PM1,,,,,,,,,,,,,,,,,,,,
9/24/2024 10:31,PM1,30.44,34.04,21.93,25.02,14.42,17.43,4.89,4.58,3.64,4.06,3.37,2.49,30,29.5,29.1,33.5,69.4,78.5,885.5,882.2
9/24/2024 10:32,PM1,29.29,32.12,21.27,23.6,14.42,16.35,4.54,4.08,3.41,3.61,3.48,2.39,30,29.5,29.1,33.3,68.6,77.6,885.5,882.2
9/24/2024 10:33,PM1,24.98,26.42,17.63,20.05,11.41,13.04,3.44,2.74,3.19,3.12,2.49,2.18,30,29.5,29,33.2,68.6,77.5,885.5,882.2
9/24/2024 10:34,PM1,29.41,31.12,21.25,22,13.45,15.72,4.74,3.94,3.67,3.47,2.31,2.73,30,29.5,29,33.1,68.5,77.5,885.5,882.2
9/24/2024 10:35,PM1,32.06,35.48,23.43,25.73,15.61,18.16,5.33,4.41,3.88,4.14,3.31,2.75,30,29.5,29,33,68.2,77.6,885.5,882.2
9/24/2024 10:36,PM1,31.56,35.29,22.87,25.75,16,17.97,4.72,4.88,3.57,4.05,2.93,2.93,30,29.5,29,33,67.5,77.1,885.6,882.3
9/24/2024 10:37,PM1,30.83,33.81,21.89,24.15,15.44,16.46,4.89,3.94,3.82,3.27,3.01,2.8,30,29.5,29,33,67.3,77.1,885.6,882.3
9/24/2024 10:38,PM1,31.31,35.62,23.3,26.49,16.25,17.28,4.71,4.8,3.85,2.75,2.57,2.58,30,29.5,29,33.1,66.2,76,885.6,882.3
9/24/2024 10:39,PM1,31.89,34.61,23.55,25.1,16.2,17.43,4.67,4.97,3.79,3.75,3.11,2.27,30,29.5,28.9,33.2,64.8,74.6,885.6,882.3
9/24/2024 10:40,PM1,32.88,35.46,23.89,25.16,16.39,17.27,4.98,4.07,3.72,3.47,2.86,2.77,30,29.5,28.9,33.2,63.8,73.4,885.6,882.3
9/24/2024 10:41,PM1,31.34,32.88,23.15,23.82,16.09,16.64,4.29,4.49,3.97,3.86,2.95,2.49,30,29.5,28.9,33.1,62.2,71.4,885.6,882.3
9/24/2024 10:42,PM1,31.8,32.32,23.45,24.13,16.07,15.47,4.99,4.79,4.08,3.72,3.1,2.34,30,29.5,28.9,33,59.7,68.4,885.6,882.2
9/24/2024 10:43,PM1,31.18,30.37,21.97,22.3,15.39,15.07,4.97,4.19,3.9,3.31,2.77,2.48,30,29.5,29,33,57.1,65.3,885.5,882.2
9/24/2024 10:44,PM1,28.57,29.52,20.91,20.86,14.25,14.42,4.39,4.46,3.23,3.37,2.66,2.27,30,29.5,29,33,55.1,62.9,885.5,882.2
9/24/2024 10:45,PM1,29.4,28.51,22.21,21.09,14.35,14.27,4.41,3.77,3.58,3.05,2.33,2,30,29.5,29,33,52.9,60.4,885.5,882.2
9/24/2024 10:46,PM1,29.63,29,21.01,19.95,14.47,13.17,4.47,4.31,3.43,3.29,2.53,2.51,30,29.5,29,33.1,51.1,58.2,885.5,882.2
9/24/2024 10:47,PM1,28.61,28.63,21,20.61,14.8,13.79,4.52,4.16,2.89,3,3.34,2.02,30,29.5,29,33.2,50.1,56.9,885.5,882.2
9/24/2024 10:48,PM1,28.49,27.84,20.08,19.4,13.62,13.26,4.78,4.03,3.39,3.84,2.6,2.3,30,29.5,29,33.2,48.8,55.2,885.5,882.2
9/24/2024 10:49,PM1,26.95,27.34,20.37,19.02,13.82,13.33,4.57,4.27,3.87,3,2.81,2.56,30,29.5,29.1,33.1,47.5,53.7,885.5,882.2
9/24/2024 10:50,PM1,27.61,27.15,19.55,19.59,14.13,13.11,3.94,3.99,3.55,3.61,2.6,2.16,30,29.5,29,33.1,46.4,52.4,885.5,882.2
9/24/2024 10:51,PM1,29.31,27.96,20.69,20.76,15,14.33,4.93,4.39,3.79,2.83,2.9,2.82,30,29.5,29,33,45.6,51.4,885.5,882.1
9/24/2024 10:52,PM1,28.97,29.01,21.61,21.13,15.53,14.34,4.58,3.75,4.11,3.76,2.64,2.92,30,29.5,29,33,44.9,50.8,885.5,882.1
9/24/2024 10:53,PM1,31.48,29,22.77,20.95,15.52,14.49,4.75,4.44,3.33,3.78,2.81,2.63,30,29.5,29,33,44.4,50.5,885.5,882.2
9/24/2024 10:54,PM1,31.58,30.35,21.72,21.41,15.92,14.49,4.61,3.88,3.73,3.54,3,2.5,30,29.5,29,33.1,44,50.3,885.5,882.2
9/24/2024 10:55,PM1,31.49,30.56,22.88,22.02,16.13,15.47,4.79,4.19,3.81,3.34,3.14,2.32,30,29.5,29,33.2,43.6,50,885.6,882.2
9/24/2024 10:56,PM1,32.65,31.84,23.94,23.61,15.27,15.71,4.4,5.52,3.86,3.5,3.14,3.39,30,29.5,28.9,33.2,43.3,49.7,885.6,882.3
9/24/2024 10:57,PM1,34.03,31.67,24.51,24.42,16.52,14.71,4.87,5.11,3.95,3.66,3.33,2.76,30,29.5,28.9,33.1,42.9,49.3,885.6,882.3
9/24/2024 10:58,PM1,34.67,32.87,25.41,24.04,17.87,17.15,5.13,5.17,4.02,3.54,3.33,2.58,30,29.5,28.9,33.1,42.6,49,885.6,882.2
9/24/2024 10:59,PM1,36.28,33.26,25.93,24.82,17.84,17.04,5.15,4.92,3.99,4.35,3.24,2.87,30,29.5,28.9,33.1,42.4,48.7,885.6,882.3
9/24/2024 11:00,PM10,,,,,,,,,,,,,,,,,,,,
9/24/2024 11:01,PM10,40.08,37.59,29.41,27.69,21.41,19.41,5.59,5.88,4.74,4.04,4.23,3.73,30,29.5,29,33.4,42.3,48.1,893.3,890
9/24/2024 11:02,PM10,37.87,36.55,29.16,27.28,19.97,19.99,6.11,5.29,4.86,4.33,4.56,3.15,30,29.5,29,33.5,42.3,48.1,893.4,890
9/24/2024 11:03,PM10,38.39,36.74,29.22,27.37,20.43,19.86,5.42,4.78,4.51,3.59,3.68,3.91,30,29.5,29,33.6,42.3,47.9,893.4,890
9/24/2024 11:04,PM10,38.53,34.88,27.85,26.2,20.5,18.88,5.97,5.28,5,4.41,4.31,3.59,30,29.5,29,33.6,42.2,47.6,893.4,890
9/24/2024 11:05,PM10,36.28,34.93,27.43,26.24,20.53,18.42,5.72,5.77,4.54,4.5,3.99,3.6,30,29.5,29,33.6,42,47.3,893.4,890
9/24/2024 11:06,PM10,35.82,35.24,27.1,25.71,20.75,19.06,5.41,4.8,4.56,3.77,3.79,3.08,30,29.5,29.1,33.5,41.8,47.1,893.4,890
9/24/2024 11:07,PM10,36.29,34.39,26.29,25.4,19.48,19.01,5.64,4.65,4.76,3.75,4.06,2.83,30,29.5,29,33.4,41.7,46.9,893.4,890
9/24/2024 11:08,PM10,33.8,31.18,25.53,24.48,18.08,18.17,5.61,5.28,4.23,4.01,4.27,3.09,30,29.5,29.1,33.4,41.5,46.8,893.4,890
9/24/2024 11:09,PM10,34.25,31.89,25.64,22.98,18.64,17.86,5.07,4.52,4.34,3.92,3.07,3.09,30,29.5,29,33.4,41.5,46.8,893.4,890
9/24/2024 11:10,PM10,32.6,30.77,23.84,22.72,18.05,16.33,5.22,5.48,4.14,3.77,3.26,2.44,30,29.5,29,33.5,41.4,46.8,893.4,890
9/24/2024 11:11,PM10,31.87,30,23.97,21.77,16.88,15.63,5.39,4.16,3.85,3.47,3.3,3.18,30,29.5,29,33.5,41.4,46.9,893.4,890
9/24/2024 11:12,PM10,30.54,29.71,23.8,22.36,16.51,17.01,4.92,4.21,3.64,3.96,3.39,3.16,30,29.5,29,33.6,41.4,47,893.4,890
9/24/2024 11:13,PM10,30.54,30.11,22.69,20.73,17.19,16.82,4.97,4.12,3.86,4.02,2.93,3.14,30,29.5,29,33.5,41.3,46.9,893.4,890
9/24/2024 11:14,PM10,31.59,29.93,24.61,22.78,16.88,16.07,4.78,4.73,4.22,4.28,3.4,3.49,30,29.5,29,33.4,41.8,47.5,893.4,890
9/24/2024 11:15,PM10,31.15,30.73,24.88,23.43,17.07,17.41,5.2,4.43,3.68,3.97,3.58,2.5,30,29.5,29,33.4,42.6,48.4,893.4,890
9/24/2024 11:16,PM10,32.24,30.17,23.51,23.62,16.98,16.77,4.79,4.84,5.02,3.99,2.83,2.11,30,29.5,29,33.4,45.7,52.1,893.4,890
9/24/2024 11:17,PM10,33.24,32.92,23.66,24.54,18.89,16.6,4.85,4.69,3.87,4.03,3.77,4.13,30,29.5,29,33.4,48.9,55.6,893.4,890.1
9/24/2024 11:18,PM10,33.22,31.88,25.8,25.45,18.42,16.6,4.69,5.12,4.01,4.07,3.17,3.15,30,29.5,29,33.4,51.7,58.7,893.4,890.1
9/24/2024 11:19,PM10,33.26,33.59,24.17,25.47,17.61,17.36,4.99,5.29,3.88,3.92,3.85,3.26,30,29.5,29.1,33.5,54.4,61.7,893.5,890.1
9/24/2024 11:20,PM10,34.77,33.97,26.67,25.49,18.49,18.21,5.13,5.02,4.11,3.95,4.13,2.17,30,29.5,29.1,33.6,57.4,65.2,893.5,890.1
9/24/2024 11:21,PM10,35.11,37.44,27.41,27.55,19.63,19.9,5.44,4.63,4.8,3.81,4.25,3.1,30,29.5,29.1,33.5,60.3,68.4,893.5,890.1
9/24/2024 11:22,PM10,39.21,41.82,29.6,30.68,20.61,20.92,5.77,5.57,4.94,4.1,4.02,4.18,30,29.5,29.1,33.5,61.8,70.4,893.5,890.1
9/24/2024 11:23,PM10,36.9,39.79,27.72,30.28,20.42,21.66,5.33,5.69,4.43,4.44,3.58,2.75,30,29.5,29.1,33.4,63.1,72.3,893.5,890.1
9/24/2024 11:24,PM10,40.32,44.25,30.81,33.69,22.15,24.48,5.83,6.17,4.77,4.46,4.47,3.5,30,29.5,29.1,33.4,64.5,74,893.5,890.1
9/24/2024 11:25,PM10,39.23,43.95,29.87,33.25,19.61,23.93,5.81,5.49,4.78,4.5,3.64,3.97,30,29.5,29.1,33.4,65.6,75.5,893.5,890.1
9/24/2024 11:26,PM10,36.53,40.57,27.66,30.43,19.55,21.08,6.04,4.99,4.56,4.45,3.4,3.39,30,29.5,29.1,33.4,66.4,76.6,893.5,890.1
9/24/2024 11:27,PM10,38.28,41.86,29.08,30.62,20.62,22.02,5.32,5.89,4.44,4.77,3.74,3.86,30,29.5,29.1,33.5,66.9,77.4,893.5,890.1
9/24/2024 11:28,PM10,39.44,44.55,29.74,33.03,21.13,24.83,6.21,5.59,4.52,4.86,3.75,3.57,30,29.5,29,33.6,67.9,78.9,893.5,890.1
9/24/2024 11:29,PM10,40.25,45.13,30.55,33.73,21.39,23.91,6.24,5.67,4.92,4.81,3.44,4.08,30,29.5,29,33.6,68.3,79.5,893.5,890.1
9/24/2024 11:30,PM1,,,,,,,,,,,,,,,,,,,,
9/24/2024 11:31,PM1,36.4,40.9,27.75,30.36,18.04,20.8,5.13,4.88,4.33,4.34,3.3,3.13,30,29.5,29,33.2,68.7,78.9,885.9,882.6
9/24/2024 11:32,PM1,32.07,37.33,23.84,26.69,16.38,17.42,4.36,4.58,3.9,3.93,2.99,2.1,30,29.5,29,33.1,67.6,77.6,885.9,882.6
9/24/2024 11:33,PM1,33.66,38.7,24.39,27.68,17.68,19.24,4.83,4.32,3.85,3.99,3.16,2.82,30,29.5,29,33.1,67.8,77.8,885.9,882.6
9/24/2024 11:34,PM1,32.7,36.22,24.08,26.88,16.39,19.35,4.53,5.25,3.66,4.66,2.89,2.75,30,29.5,29,33.2,67.6,77.6,885.9,882.6
9/24/2024 11:35,PM1,28.27,31.72,20.72,23.58,14.28,16.35,4.66,4.3,3.51,3.44,2.69,2.39,30,29.5,29,33.3,67.8,77.7,885.9,882.6
9/24/2024 11:36,PM1,27.8,30.48,20.64,22.65,13.27,15.23,3.6,3.84,3.53,2.99,2.93,2.49,29.9,29.5,29,33.4,67.4,77.2,885.9,882.6
9/24/2024 11:37,PM1,29.91,34.34,22.5,24.88,15.98,17.75,4.85,5,3.83,4.37,2.92,2.86,29.9,29.5,29,33.4,67.4,77,885.9,882.6
9/24/2024 11:38,PM1,31.8,35.24,23.17,25.3,14.76,16.8,4.4,4.59,3.77,3.8,2.82,3.01,29.9,29.5,29,33.4,66.3,75.6,885.9,882.6
9/24/2024 11:39,PM1,32.64,36.1,23.48,26.29,15.95,18.1,4.74,4.8,3.32,4.03,2.86,3.01,29.9,29.5,29.1,33.3,65.3,74.3,886,882.6
9/24/2024 11:40,PM1,34.67,37.2,25.45,26.91,17.25,19.11,5.34,5.21,4.15,3.38,3.05,3.56,29.9,29.5,29.1,33.3,64.6,73.2,886,882.6
9/24/2024 11:41,PM1,34.27,36.5,24.45,26.86,15.82,18.4,4.91,4.37,3.8,4.03,2.85,3.04,29.9,29.5,29.1,33.3,63.1,71.3,886,882.6
9/24/2024 11:42,PM1,34.12,36.2,25.44,26.03,17.38,18.43,5.27,4.97,3.55,4.09,3.47,2.74,29.9,29.5,29.1,33.4,60.6,68.4,886,882.6
9/24/2024 11:43,PM1,35.73,36.08,26.19,26.19,17.07,16.96,4.78,3.99,4.01,3.41,3.41,2.98,29.9,29.5,29.1,33.5,58.2,65.6,886,882.6
9/24/2024 11:44,PM1,36.34,36.81,25.79,27.69,18.01,18.09,5.22,5.19,4.15,3.69,3.39,3.25,29.9,29.5,29,33.6,55.9,63.3,885.9,882.6
9/24/2024 11:45,PM1,36.91,36.82,26.86,26.83,18.08,18.43,5,4.31,4,3.56,3.35,3.24,29.9,29.5,29,33.7,53.5,60.8,885.9,882.6
9/24/2024 11:46,PM1,36.9,37.09,26.78,26.9,18.47,17.87,5.21,5.23,4.53,3.79,3.69,2.2,29.9,29.5,28.9,33.6,51.3,58.6,885.9,882.5
9/24/2024 11:47,PM1,35.68,37.25,25.98,26.42,18.18,17.93,5.45,5.05,4.2,3.74,3.68,3.16,29.9,29.5,28.9,33.6,49.9,57.2,885.9,882.5
9/24/2024 11:48,PM1,37.03,35.3,26.56,26.34,18.02,17.09,5.38,4.85,4.39,4.45,3.04,2.75,29.9,29.5,28.9,33.6,48.6,55.9,885.9,882.5
9/24/2024 11:49,PM1,39.89,37.8,28.5,27.17,18.93,17.63,5.13,4.71,4.58,4.6,3.19,3.55,29.9,29.5,28.9,33.7,47.6,54.7,885.8,882.5
9/24/2024 11:50,PM1,38.5,36.86,28.17,27.26,19,17.92,5.49,4.99,4.39,4.28,3.31,3.28,29.9,29.5,28.9,33.8,46.8,53.9,885.8,882.5
9/24/2024 11:51,PM1,40.8,40.28,30.2,29.54,19.74,19.3,5.8,5.35,4.94,4.35,3.96,3.44,29.9,29.5,28.9,33.9,46.3,53.2,885.8,882.5
9/24/2024 11:52,PM1,37.59,37.03,27.46,26.69,18.9,17.3,4.97,5.2,4.26,4.26,3.44,3.32,29.9,29.5,28.9,34.1,45.8,52.5,885.8,882.5
9/24/2024 11:53,PM1,36.49,34.93,26.23,25,16.93,17.12,4.64,4.81,4.38,3.14,3.95,3.12,29.9,29.5,28.9,34.2,45.4,52,885.8,882.5
9/24/2024 11:54,PM1,35.1,33.95,25.13,23.27,16.54,16.15,5.34,4.6,3.88,3.81,3.55,2.81,29.9,29.5,29,34.2,44.9,51.3,885.8,882.5
9/24/2024 11:55,PM1,33.42,33.91,24.37,22.49,16.28,16.05,4.71,4.93,3.81,3.25,3.1,2.82,29.9,29.5,29,34.2,44.6,50.9,885.8,882.5
9/24/2024 11:56,PM1,33.05,32.98,24.43,23.89,16.27,15.31,4.87,4.58,3.5,3.76,2.83,2.63,29.9,29.5,29,34.1,44.3,50.4,885.8,882.5
9/24/2024 11:57,PM1,32.3,31.4,23.49,21.67,15.94,15.26,4.25,3.94,3.82,3.16,2.56,2.79,29.9,29.5,29,34.2,44.1,49.9,885.8,882.5
9/24/2024 11:58,PM1,31.19,29.69,22.75,21.16,15.25,14.08,4.73,4.13,3.83,3.6,3.28,2.78,29.9,29.5,29.1,34.2,43.9,49.5,885.8,882.5
9/24/2024 11:59,PM1,31.4,29.46,22.68,21.27,15.02,14.86,4.21,3.8,3.65,3.76,3.18,2.61,29.9,29.5,29.1,34.3,43.8,49.3,885.8,882.5
9/24/2024 12:00,PM10,,,,,,,,,,,,,,,,,,,,
9/24/2024 12:01,PM10,,,,,,,,,,,,,29.9,29.7,28.6,36.6,42.4,51,897.2,892.9
9/24/2024 12:02,PM10,,,,,,,,,,,,,30,29.8,28.6,37.6,40.4,50.8,897.2,892.8
9/24/2024 12:03,PM10,,,,,,,,,,,,,30,29.8,28.5,38,40.5,50.8,897.2,892.9
9/24/2024 12:04,PM10,,,,,,,,,,,,,30,29.8,28.5,38.8,41.6,50.7,897.2,892.8
9/24/2024 12:05,PM10,,,,,,,,,,,,,30,29.8,28.5,39.8,42.8,50.7,897.2,892.9
9/24/2024 12:06,PM10,,,,,,,,,,,,,30,29.8,28.4,40.8,43.8,50.8,897.2,892.9
9/24/2024 12:07,PM10,,,,,,,,,,,,,30,29.9,28.4,41.9,44.5,51,897.2,892.9
9/24/2024 12:08,PM10,,,,,,,,,,,,,30,29.9,28.4,42.6,45,51.1,897.2,892.8
9/24/2024 12:09,PM10,,,,,,,,,,,,,30,29.9,28.4,39.4,43.2,51.2,894.1,890.4
9/24/2024 12:10,PM10,47.16,45.53,34.73,34.23,23.88,22.89,5.71,5.44,5.08,4.31,4.45,3.94,30,29.7,28.6,36,42.3,49.8,893.5,890.1
9/24/2024 12:11,PM10,47.65,46.43,35.85,34.94,23.59,24.43,6.17,5.46,5.02,4.83,4.42,4.09,30,29.7,28.7,35.5,42.3,49.4,893.5,890.1
9/24/2024 12:12,PM10,48.36,48.75,36.25,35.2,25.36,24.68,5.88,6.48,5.19,5.69,4.09,4.34,30,29.7,28.7,35.2,42.3,49.1,893.5,890.1
9/24/2024 12:13,PM10,48.24,46.61,35.36,34.22,24.41,23.49,6.64,5.82,5.13,4.92,4.54,4,30,29.7,28.8,35.1,42.3,49,893.5,890.1
9/24/2024 12:14,PM10,46.3,45.89,34.81,33.55,24.21,23.35,6.11,5.41,5.35,5.88,4.32,3.94,30,29.7,28.9,35.1,42.4,48.8,893.5,890.1
9/24/2024 12:15,PM10,47.3,46.39,34.47,33.65,25.12,23.79,6.49,6.02,5.2,4.86,3.86,4.07,30,29.6,28.9,35.1,43,49.3,893.4,890.1
9/24/2024 12:16,PM10,46.4,46.24,35.23,33.89,24.45,22.84,6.41,6.02,4.76,4.83,3.92,4.54,30,29.6,28.9,35.2,45.8,52.4,893.5,890.1
9/24/2024 12:17,PM10,44.56,44.99,33.28,32.97,23.3,22.65,5.67,5.42,4.97,5.55,4.44,4.1,30,29.7,28.9,35.2,48.6,55.6,893.4,890.1
9/24/2024 12:18,PM10,45.28,44.74,34.27,33.05,24.64,23.11,6.08,5.67,4.74,4.46,3.78,4.24,30,29.7,28.9,35.2,51.2,58.6,893.4,890.1
9/24/2024 12:19,PM10,42.45,44.39,32.11,33.44,22.3,22.07,5.66,5.63,4.7,5.58,3.96,4.02,30.1,29.7,29,35.1,53.8,61.7,893.4,890.1
9/24/2024 12:20,PM10,42.7,43.53,31.36,32.01,22.71,23.18,5.3,5.72,4.62,5.1,3.71,4.05,30.1,29.7,28.9,35,56.5,65,893.4,890.1
9/24/2024 12:21,PM10,41,43.71,30.16,32.39,21.02,22.36,5,5.12,4.69,4.62,4.05,4.34,30.1,29.7,28.9,35,59.2,68.4,893.5,890.1
9/24/2024 12:22,PM10,38.47,41.33,28.38,31.1,19.72,21.47,5.15,6.16,3.9,4.6,3.56,3.48,30.1,29.7,29,35,61,70.8,893.5,890.1
9/24/2024 12:23,PM10,34.5,37.27,25.59,27.93,18.06,18.55,4.57,5.19,3.8,4.01,2.46,3.83,30.1,29.7,29,35.2,62.2,72.6,893.5,890.1
9/24/2024 12:24,PM10,33.71,36.69,25.2,27.66,18.01,19.76,5.26,4.72,4.14,4.09,3.43,3.41,30.1,29.7,29,35.5,63.6,74.4,893.4,890.1
9/24/2024 12:25,PM10,35.72,39.09,26.71,28.62,19.31,20.4,5.57,5.13,3.78,4.42,3.24,3.52,30.1,29.7,29,35.6,64.5,75.5,893.5,890.1
9/24/2024 12:26,PM10,36.09,38.82,26.7,28.84,19.01,20.67,4.7,4.94,4.64,4.83,3.41,3.48,30.1,29.7,29,35.7,65.5,76.7,893.5,890.1
9/24/2024 12:27,PM10,35.24,39.37,26.61,28.46,18.84,20.96,4.56,4.84,4.15,4.1,4.04,3.33,30.1,29.7,29,35.7,66.2,77.5,893.5,890.1
9/24/2024 12:28,PM10,36.18,40.6,27.79,29.68,19.73,22.12,5.38,4.92,4.11,4.3,3.3,3.76,30.1,29.7,29,35.7,67.2,78.6,893.4,890.1
9/24/2024 12:29,PM10,38.34,42.94,28.7,32.76,19.97,24.67,5.03,5.52,3.91,4.59,3.24,4.14,30.1,29.7,29,35.7,68,79.5,893.4,890.1
9/24/2024 12:30,PM1,,,,,,,,,,,,,,,,,,,,
9/24/2024 12:31,PM1,33.41,38.48,25.9,28.12,17.37,20.15,4.74,4.57,3.59,4.16,2.93,2.81,30.1,29.7,29.1,35.5,69.1,79.1,885.8,882.5
9/24/2024 12:32,PM1,35.51,40.32,26.2,29.88,18.1,20.06,4.86,4.99,3.91,4.32,2.78,3.19,30.1,29.7,29.1,35.6,68.3,77.9,885.8,882.5
9/24/2024 12:33,PM1,35.6,41.17,26.95,29.8,17.61,20.81,4.32,5.01,4.01,4.77,2.82,3.71,30.1,29.7,29.1,35.7,68.6,78,885.8,882.5
9/24/2024 12:34,PM1,36.85,40.84,27.11,30.09,17.82,20.96,5.1,4.62,3.83,4.55,3.36,3.19,30.1,29.7,29.1,35.8,68.4,77.8,885.8,882.5
9/24/2024 12:35,PM1,37.18,41.54,27.28,30.36,18.04,20.95,4.78,4.66,3.29,4.2,2.89,3.35,30.1,29.7,29.1,35.8,68.1,77.4,885.8,882.5
9/24/2024 12:36,PM1,37.61,42.03,27.88,31.46,18.58,21.22,4.9,4.91,4.28,4.62,3.67,3.18,30.1,29.7,29.1,35.7,67.6,76.9,885.8,882.5
9/24/2024 12:37,PM1,39.25,42.56,28.28,31.05,18.16,21.3,5.23,5.34,3.99,5.09,3.1,3.82,30.1,29.7,29.1,35.7,67.4,76.9,885.9,882.5
9/24/2024 12:38,PM1,39.15,42.62,29.06,30.18,19.26,20.65,5.04,5.04,4.7,4.23,3.34,3.71,30.1,29.7,29.1,35.7,66.4,76,885.8,882.5
9/24/2024 12:39,PM1,37.38,39.38,27.25,29.58,19.04,20.53,4.55,5.15,3.88,4.56,3.55,4.12,30.1,29.7,29.1,35.8,65.3,75,885.8,882.5
9/24/2024 12:40,PM1,38.75,40.91,28.52,30.16,18.92,20.75,4.73,5.47,4.58,4.52,3.13,3.63,30.1,29.7,29,35.9,64.1,73.8,885.9,882.5
9/24/2024 12:41,PM1,36.75,38.51,27.45,27.46,18.39,18.77,4.95,4.94,3.99,4.08,3.29,3.82,30.1,29.7,29,36.1,62.4,72,885.9,882.5
9/24/2024 12:42,PM1,35.98,36.96,26.68,27.25,16.6,18.19,4.55,4.97,4.07,4.46,3.07,3.32,30.1,29.7,29,36.2,59.8,68.9,885.8,882.5
9/24/2024 12:43,PM1,36.51,36.4,26.73,26.91,18.08,17.75,5.13,4.84,4.31,4.5,3.5,2.91,30.1,29.7,29,36.1,57.3,65.9,885.8,882.5
9/24/2024 12:44,PM1,33.7,34.01,24.98,24.21,17.44,16.71,4.79,3.98,3.7,3.38,2.84,3.1,30.1,29.7,29,36.1,55.2,63.5,885.8,882.5
9/24/2024 12:45,PM1,31.83,32.42,23.15,22.95,16.23,15.4,4.27,4.51,3.73,4.08,3.26,2.53,30.1,29.7,29,36.1,53.3,61.2,885.8,882.5
9/24/2024 12:46,PM1,30.54,30.65,22.07,20.88,15.9,13.8,4.54,4.3,3.73,4.22,2.69,3.03,30.2,29.7,29,36.1,51.7,59.4,885.8,882.5
9/24/2024 12:47,PM1,29.64,29.34,21.59,21.48,14.31,14.72,5.09,5.02,3.96,3.89,3.09,2.96,30.2,29.7,29.1,36.2,50.6,58,885.8,882.5
9/24/2024 12:48,PM1,28.39,28.39,21.74,20.5,15.28,13.66,4.4,4.86,3.59,3.67,3.08,2.51,30.2,29.7,29.1,36.4,49.8,57,885.8,882.5
9/24/2024 12:49,PM1,30.43,29.66,22.18,21.73,15.5,14.83,3.97,4.52,3.35,3.93,2.69,2.95,30.2,29.7,29.1,36.6,49.1,56.1,885.8,882.5
9/24/2024 12:50,PM1,32.65,31.86,24.5,22.75,17.63,16.33,4.29,4.6,3.85,3.55,2.98,2.37,30.2,29.7,29.1,36.6,48.5,55.1,885.8,882.5
9/24/2024 12:51,PM1,32.67,31.66,24.71,23.96,17.18,15.4,4.7,4.58,3.71,4.3,3.19,3.34,30.2,29.7,29.1,36.5,47.8,54.1,885.8,882.5
9/24/2024 12:52,PM1,33.6,33.26,25.66,24.14,17.68,16.42,4.74,4.54,3.69,3.9,3.35,3.53,30.2,29.7,29.1,36.4,47.2,53.4,885.8,882.5
9/24/2024 12:53,PM1,34.53,33.01,24.94,23.6,16.69,16.17,4.55,4.63,3.99,3.83,3.01,2.67,30.2,29.7,29.1,36.4,46.7,52.7,885.8,882.4
9/24/2024 12:54,PM1,34.08,33.38,24.74,24.17,17.57,15.83,4.63,4.73,3.92,3.91,3.47,3.18,30.2,29.7,29.1,36.3,46.3,52.2,885.8,882.4
9/24/2024 12:55,PM1,40.45,39.04,29.92,28.55,20.07,19.23,4.72,5.27,3.93,4.24,3.24,3.28,30.2,29.7,29.1,36.2,45.8,51.7,885.8,882.4
9/24/2024 12:56,PM1,40.84,40.32,30.26,29.04,19.6,20.41,5.46,5.12,4.33,4.91,4.15,3.95,30.2,29.7,29.1,36.1,45.4,51.3,885.8,882.4
9/24/2024 12:57,PM1,38.9,37.95,29.69,29.05,20.51,19.72,4.76,5.17,4.74,4.79,3.78,3.04,30.2,29.7,29,36.1,45.2,51.1,885.8,882.4
9/24/2024 12:58,PM1,40.87,40.68,29.26,27.98,20.85,20.04,5.32,5.68,4.64,4.27,3.33,3.91,30.2,29.7,29,36.2,44.9,51,885.8,882.5
9/24/2024 12:59,PM1,39.55,39.17,29.45,28.34,19.7,19.59,5.43,5.49,4.43,4.43,3.45,3.42,30.2,29.7,28.9,36.1,44.6,50.9,885.8,882.5
9/24/2024 13:00,PM10,,,,,,,,,,,,,,,,,,,,
9/24/2024 13:01,PM10,48.01,46.23,37.42,35.8,25.29,24.56,6.31,5.82,5.61,5.09,4.92,5.19,30.2,29.7,28.9,36,44,50.8,893.5,890.1
9/24/2024 13:02,PM10,48.98,47.9,38.6,35.85,25.59,24.72,7.14,5.94,5.77,5.46,4.12,4.51,30.2,29.7,28.9,35.9,43.8,50.5,893.5,890.1
9/24/2024 13:03,PM10,50.71,48.31,36.31,36.23,25.27,24.92,6.04,6.4,5.09,5.61,4.29,4.27,30.2,29.7,28.9,35.8,43.6,50.3,893.5,890.1
9/24/2024 13:04,PM10,48.36,47.31,36.08,34.26,24.22,25.18,6.2,6.1,5.47,5.41,4.54,4.11,30.2,29.7,29,35.7,43.5,50.1,893.5,890.2
9/24/2024 13:05,PM10,47.42,47.42,36.38,33,24.18,23.52,6.15,5.64,5.16,5.51,4.56,3.75,30.2,29.7,29,35.8,43.5,50.1,893.5,890.2
9/24/2024 13:06,PM10,47.03,44.49,34.02,33.25,24.58,23.25,6.15,6.28,5.32,5.17,4.38,3.63,30.2,29.7,29,35.8,43.4,49.9,893.5,890.2
9/24/2024 13:07,PM10,45.42,44.48,33.89,32.97,23.7,23.01,6.38,5.81,5.46,5.34,4.61,4.03,30.2,29.7,29,35.7,43.2,49.7,893.5,890.2
9/24/2024 13:08,PM10,44.39,43.85,33.31,31.67,23.34,22.7,5.51,6.19,4.94,4.57,4.45,3.71,30.2,29.7,29,35.6,43.1,49.4,893.5,890.2
9/24/2024 13:09,PM10,42.29,41.89,32,29.87,22.28,22.14,6.29,5.42,4.58,5.12,3.95,3.56,30.2,29.7,29,35.5,43,49.3,893.6,890.2
9/24/2024 13:10,PM10,40.48,38.96,30.32,30.09,21.16,20.79,5.5,5.65,5.04,4.53,3.57,3.52,30.2,29.7,29,35.6,43.1,49.3,893.6,890.2
9/24/2024 13:11,PM10,38.94,38.28,29.77,28.86,20.82,19.42,5.09,5.56,4.67,4.98,3.82,4.26,30.1,29.7,29.1,35.7,43.3,49.3,893.6,890.2
9/24/2024 13:12,PM10,38.08,37.87,29.96,27.51,20.56,20.72,4.75,5.08,4.22,4.08,3.93,3.82,30.1,29.7,29.1,35.9,43.5,49.5,893.6,890.2
9/24/2024 13:13,PM10,38.97,37.35,28.8,28.58,21.72,19.63,5.14,4.89,4.14,4.49,3.75,3.94,30.1,29.7,29.1,36.2,43.8,49.6,893.6,890.2
9/24/2024 13:14,PM10,38.77,37.71,30.61,28.61,20.94,20.3,5.4,5.25,4.22,3.96,3.78,4.15,30.1,29.7,29.1,36.4,44,49.7,893.6,890.2
9/24/2024 13:15,PM10,39.92,38.96,30.78,28.46,21.81,20.56,5.63,5.28,4.32,4.99,4.16,4.12,30.1,29.7,29.1,36.5,44.4,50.1,893.6,890.2
9/24/2024 13:16,PM10,41.76,41.09,31.56,30.46,22.03,20.85,5.68,5.64,5.16,4.56,4.59,3.93,30.1,29.7,29.1,36.5,46.7,52.7,893.6,890.2
9/24/2024 13:17,PM10,42.35,42.81,32.58,31.45,23.55,23.22,5.62,5.67,4.67,4.88,3.98,4.33,30.1,29.7,29.1,36.5,49.2,55.7,893.6,890.2
9/24/2024 13:18,PM10,44.92,45.47,33.66,33.13,23.78,22.98,6.27,6.34,4.51,5.28,4.71,4.02,30.1,29.7,29.1,36.5,51.9,58.8,893.6,890.2
9/24/2024 13:19,PM10,44.94,45,33.92,33.7,24.7,24,5.99,5.67,5.06,4.97,4.86,4.51,30.1,29.7,29.1,36.5,54.5,61.9,893.6,890.2
9/24/2024 13:20,PM10,47.91,47.88,34.72,35.45,24.47,25.43,6.99,6.59,5.11,5.81,4.36,4.39,30.1,29.7,29.1,36.7,57.3,65.3,893.6,890.2
9/24/2024 13:21,PM10,48.74,51.25,37.24,37.49,25.63,27.12,6.83,6.57,4.9,4.75,4.43,4.32,30.1,29.7,29.1,36.8,59.9,68.7,893.6,890.2
9/24/2024 13:22,PM10,51.21,54.12,38.43,40.17,25.91,28.82,6.78,7.2,5.65,6,4.68,4.86,30.1,29.7,29,36.7,61.6,71.1,893.6,890.2
9/24/2024 13:23,PM10,52.41,57,38.81,41.78,25.91,28.98,6.9,6.58,5.6,6.3,4.66,5.27,30.1,29.7,29,36.6,62.4,72.4,893.6,890.2
9/24/2024 13:24,PM10,53.58,57.81,40.04,42.6,28.05,29.65,7.82,7.16,6.74,6.63,5.11,5.02,30.1,29.7,29,36.4,63.9,74.4,893.6,890.2
9/24/2024 13:25,PM10,53.51,57.07,39.62,44.22,27.25,30.21,7.07,7.31,6.05,5.6,5.09,5.12,30.1,29.7,29,36.3,64.5,75.3,893.6,890.2
9/24/2024 13:26,PM10,52.42,59.31,39.45,42.97,28.03,29.57,6.4,6.79,6.33,6.37,4.99,4.99,30.1,29.7,29,36.2,65.3,76.4,893.6,890.2
9/24/2024 13:27,PM10,52.82,57.43,39.69,42.86,26.76,31.61,6.49,7.64,5.49,5.84,4.89,5.06,30.1,29.7,29,36.2,66.4,77.7,893.6,890.2
9/24/2024 13:28,PM10,52.08,57.5,37.84,41.75,26.2,29.67,6.31,7.47,6.26,5.41,4.5,5.17,30.1,29.7,29,36.2,66.8,78.3,893.6,890.2
9/24/2024 13:29,PM10,50.33,55.45,37.29,41.39,25.99,28.94,6.4,6.56,6.09,5.9,4.44,4.57,30.1,29.7,29,36.2,68,79.7,893.6,890.2
9/24/2024 13:30,PM1,,,,,,,,,,,,,,,,,,,,
9/24/2024 13:31,PM1,45.08,49.8,32.49,36.7,20.41,24.24,5.99,6.18,5,4.91,4.18,3.58,30.1,29.7,29,35.9,68.5,78.9,886,882.7
9/24/2024 13:32,PM1,42.76,47.67,31.74,33.88,19.43,22.54,5.8,5.46,4.64,4.93,3.82,3.98,30.1,29.7,29,35.8,67.5,77.6,886,882.6
9/24/2024 13:33,PM1,40.58,45.1,29.31,33.87,19.62,22.02,5.49,5.52,4.67,4.56,4.05,3.32,30.1,29.7,29,35.8,67.7,77.8,885.9,882.6
9/24/2024 13:34,PM1,38.6,43.18,28.33,31.69,18.3,22.19,4.88,5.72,4.58,4.51,2.94,3.87,30.1,29.7,29,35.8,67.7,77.6,885.9,882.6
9/24/2024 13:35,PM1,37.38,40.94,27.39,29.62,17.92,20.46,5.04,5.61,4.14,4.02,3.46,3.52,30.1,29.7,29.1,36,67.7,77.3,885.9,882.6
9/24/2024 13:36,PM1,36.94,40.82,26.12,30.17,19.41,20.69,4.52,4.81,4.39,4.86,3.02,3.36,30.1,29.7,29.1,36.2,67.7,77.1,885.9,882.6
9/24/2024 13:37,PM1,37.27,42.62,27.13,29.64,18.68,21.05,4.89,5.35,4.03,4.1,3.59,4.18,30.1,29.7,29.1,36.3,67.7,77,885.9,882.6
9/24/2024 13:38,PM1,39,43.04,27.94,30.68,18.71,21.61,5.62,5.1,4.65,4.54,3.49,3.03,30.1,29.7,29.1,36.4,66.6,75.7,885.9,882.5
9/24/2024 13:39,PM1,40.26,44.08,28.94,31.15,19.46,21.53,5.75,5.63,4.38,5.11,3.52,3.68,30.1,29.7,29,36.3,65.5,74.5,885.9,882.5
9/24/2024 13:40,PM1,40.37,44.85,30.54,31.56,19.24,21.89,5.81,5.53,4.87,4.57,3.86,3.88,30.1,29.7,29,35.9,64.3,73.2,885.8,882.5
9/24/2024 13:41,PM1,42.6,45.58,30.62,32.2,20.35,22.41,5.2,5.79,4.63,4.39,3.4,3.83,30.1,29.7,29,35.7,62.7,71.4,885.8,882.5
9/24/2024 13:42,PM1,42.58,44.81,31.37,31.65,20.9,22.49,5.75,5.79,4.49,5.04,3.67,3.83,30.1,29.7,29,35.5,60.1,68.6,885.8,882.5
9/24/2024 13:43,PM1,45.63,44.58,32.56,32.51,21.24,21.75,6.05,6.19,5.43,5.03,3.87,3.97,30.1,29.7,29,35.3,57.4,65.7,885.8,882.5
9/24/2024 13:44,PM1,46.38,45.97,32.44,32.66,22.43,22.92,5.92,5.4,4.91,5.44,4.07,4.36,30.1,29.7,28.9,35.2,55.1,63.3,885.8,882.4
9/24/2024 13:45,PM1,46.67,45.41,33.41,32.64,22.22,22.41,5.66,6.38,4.79,5.12,3.93,4.37,30.1,29.7,28.9,35.2,53,61.1,885.7,882.4
9/24/2024 13:46,PM1,46.72,44.99,33.61,33.09,21.95,22.31,6.09,5.75,4.66,5.5,4.22,4.01,30.1,29.7,28.9,35.4,51.5,59.5,885.7,882.4
9/24/2024 13:47,PM1,47.04,48.03,34.79,32.79,23.25,22.49,6.21,6.25,5.1,5.01,4.16,4.08,30.1,29.7,28.9,35.7,50.4,58.3,885.7,882.4
9/24/2024 13:48,PM1,49.4,48.8,34.84,34.31,22.93,23.05,5.48,6.11,5.1,5.27,3.45,4.24,30.1,29.7,28.9,35.8,49.3,57.1,885.7,882.4
9/24/2024 13:49,PM1,48.14,46.45,34.4,33.81,23.45,22.54,6.46,5.46,5.1,5.79,4.17,4.47,30.1,29.7,28.9,35.8,48.5,56.2,885.7,882.3
9/24/2024 13:50,PM1,46.24,46.1,34.36,34.07,22.74,23.06,5.91,5.47,4.98,5.15,4.07,4.31,30.1,29.6,28.9,36,48,55.5,885.6,882.3
9/24/2024 13:51,PM1,46.25,45.32,33.7,33.55,23.01,23.32,5.75,5.91,5.17,5.37,4.52,3.85,30.1,29.6,29,36.1,47.5,54.8,885.6,882.3
9/24/2024 13:52,PM1,46.37,45.63,34.54,32.9,22.76,23.52,5.7,6.46,4.97,4.94,3.89,4.12,30.1,29.6,29,36.3,47.2,54.4,885.6,882.3
9/24/2024 13:53,PM1,44.09,43.65,32.74,31.27,22.31,21.48,6.3,5.71,4.36,5.11,3.76,3.61,30.1,29.6,29,36.5,46.9,53.9,885.6,882.3
9/24/2024 13:54,PM1,42.49,42.37,31.6,30.62,21.7,20.67,5.74,5.62,5.26,4.65,3.34,4.18,30.1,29.6,29,36.5,46.6,53.3,885.6,882.3
9/24/2024 13:55,PM1,42.19,42.01,30.66,29.52,20.52,20.49,5.5,5.49,5.11,4.64,4,4.05,30.1,29.6,29,36.6,46.4,52.9,885.6,882.3
9/24/2024 13:56,PM1,41.02,40.06,30.5,29.25,20.54,19.58,5.42,5.26,5.07,4.96,3.16,3.87,30.1,29.6,29,36.8,46.3,52.5,885.6,882.3
9/24/2024 13:57,PM1,39.9,38.53,29.65,28.79,21.74,19.26,5.31,5.45,4.33,4.93,3.61,3.36,30.1,29.6,29,36.8,46,52.1,885.6,882.3
9/24/2024 13:58,PM1,39.07,38.42,28.88,27.21,19.18,19.55,4.86,5.11,4.31,5.07,3.79,3.93,30.1,29.6,29,36.6,45.5,51.4,885.6,882.3
9/24/2024 13:59,PM1,39.04,37.85,28.4,26.54,19.05,18.22,5.13,4.76,4.46,4.69,3.96,3.16,30.1,29.6,29,36.3,44.9,50.8,885.6,882.3
9/24/2024 14:00,PM10,,,,,,,,,,,,,,,,,,,,
9/24/2024 14:01,PM10,41.18,42.05,31.18,30.11,21.58,20.41,5.74,6.1,5.63,5.35,3.96,4.27,30.1,29.6,29,36.2,44.4,50.6,893.3,889.9
9/24/2024 14:02,PM10,42.58,41.56,31.91,29.41,23.2,21.03,6.21,5.62,4.96,5.07,4.32,3.84,30.1,29.6,29,36.2,44.2,50.5,893.4,890
9/24/2024 14:03,PM10,43.83,43.52,33.12,31.55,23.45,23.22,6.39,6.81,5.14,4.99,4.27,4.14,30.1,29.6,29,36.4,44.4,50.8,893.4,890
9/24/2024 14:04,PM10,45.68,43.41,34.57,32.69,23.43,22.22,6.03,5.94,5.44,5.34,3.6,3.77,30.1,29.6,28.9,36.7,44.5,50.9,893.4,890
9/24/2024 14:05,PM10,46.29,44.33,34.52,33.42,25.22,23.04,6.29,5.84,5.13,5.94,4.34,4.05,30.1,29.6,29,36.7,44.4,50.9,893.4,890
9/24/2024 14:06,PM10,47.46,46.63,35.79,34.18,24.62,24.41,6.18,5.87,5.76,5.96,4.59,5.36,30.1,29.6,28.9,36.6,44.2,50.7,893.4,890
9/24/2024 14:07,PM10,49.76,46.59,35.68,34.44,24.52,23.75,6.71,6.08,5.87,6.29,4.89,4.66,30.1,29.6,29,36.6,44.1,50.7,893.4,890.1
9/24/2024 14:08,PM10,49.54,48.41,37.5,34.88,26.35,25.65,6.78,6.85,5.67,6.67,4.17,4.68,30.1,29.6,28.9,36.6,44,50.6,893.4,890.1
9/24/2024 14:09,PM10,50.72,48.93,36.75,36.14,26.48,24.53,6,6.36,5.64,6.01,4.67,5.03,30.1,29.6,28.9,36.7,44,50.7,893.4,890
9/24/2024 14:10,PM10,52.17,49.11,38.52,36.54,26.26,26.53,6.6,6.85,5.93,5.67,4.97,4.07,30.1,29.6,28.9,36.7,44.1,50.7,893.4,890
9/24/2024 14:11,PM10,52.58,50.35,39.72,36.51,27.52,26.68,6.44,7.02,5.82,6.12,5.35,4.75,30.1,29.6,28.9,36.8,44.2,50.7,893.4,890
9/24/2024 14:12,PM10,54.49,52.12,39.72,38.18,27.83,27.07,7.1,7.16,5.63,6.04,4.74,4.97,30.1,29.6,28.9,36.8,44,50.5,893.4,890.1
9/24/2024 14:13,PM10,53.35,53.54,40.92,39.22,29.02,25.82,6.51,7.13,6.17,6.14,4.4,5.5,30.1,29.6,29,36.6,43.9,50.2,893.4,890.1
9/24/2024 14:14,PM10,56.11,55.33,41.96,40.67,28.1,28.87,7.42,7.28,5.46,6.73,5.02,4.94,30.1,29.6,29,36.3,43.5,49.7,893.4,890.1
9/24/2024 14:15,PM10,55.56,54.08,40.36,38.31,29.1,27.12,7.21,8.31,6.22,6.7,5.01,5.49,30.1,29.5,29,36.2,43.9,50.2,893.4,890.1
9/24/2024 14:16,PM10,53.01,53.91,40.19,38.63,28.14,26.91,7.43,6.86,5.88,6.36,5.27,5.32,30,29.6,29,36.3,46.6,52.9,893.4,890.1
9/24/2024 14:17,PM10,53.02,52.9,39.99,39.12,27.12,27.5,6.47,6.99,5.92,6.58,4.72,4.57,30,29.6,29.1,36.6,49.4,56,893.4,890.1
9/24/2024 14:18,PM10,53.3,53.76,39.17,38.63,27.25,26.46,6.86,8.29,6.16,5.8,4.76,4.98,30,29.5,29.1,36.7,51.9,58.9,893.4,890.1
9/24/2024 14:19,PM10,52.68,53.68,37.46,37.74,25.87,26.39,7.32,7.04,5.91,5.62,5.05,4.36,30,29.5,29.1,36.5,54.3,61.7,893.5,890.1
9/24/2024 14:20,PM10,51.46,52.08,37.05,38.98,25.33,26.46,6.77,6.89,5.64,5.69,4.45,4.62,30,29.5,29,36,56.7,64.5,893.5,890.1
9/24/2024 14:21,PM10,50.94,53.24,37.36,38.17,24.54,27.11,6.24,6.73,5.6,5.79,4.5,4.64,30,29.5,29,35.4,59.5,67.8,893.5,890.1
9/24/2024 14:22,PM10,48.26,51.3,35.64,36.8,24.81,25.41,6.22,5.95,4.87,6.39,4.28,4.73,30,29.5,29,35.3,61.6,70.5,893.5,890.1
9/24/2024 14:23,PM10,47.66,51.27,34.97,36.87,23.67,25.98,6.98,7.06,5.32,5.21,3.93,4.43,30,29.5,29,35.3,62.7,72.2,893.5,890.1
9/24/2024 14:24,PM10,46.62,50.58,34.47,36.24,23.85,25.65,6.09,5.48,5.09,5.29,4,4.03,30,29.5,29,35.2,64,74,893.4,890.1
9/24/2024 14:25,PM10,46.11,52.36,33.29,37.18,24.27,25.81,6.11,5.77,4.65,5.48,4.09,4.8,30,29.5,29,35.3,65.1,75.7,893.4,890.1
9/24/2024 14:26,PM10,47.54,51.71,34.9,37.57,23.25,26.78,6.55,6.57,4.91,5.29,3.88,4.36,30,29.5,29,35.4,65.5,76.4,893.5,890.1
9/24/2024 14:27,PM10,48.71,54.37,35.49,39.78,23.06,26.64,6.58,7.02,5.71,6.23,4.15,4.8,30,29.5,29,35.4,66.5,77.8,893.5,890.1
9/24/2024 14:28,PM10,49.99,55.34,36.08,40.45,25.07,28.89,6.81,6.56,5.63,6.41,4.4,4.74,30,29.5,29,35.5,67.2,78.8,893.5,890.1
9/24/2024 14:29,PM10,51.37,57.94,36.56,42.37,25.11,29.15,6.52,6.85,5.4,5.92,4.67,4.76,30,29.5,28.9,35.2,67.7,79.5,893.5,890.1
9/24/2024 14:30,PM1,,,,,,,,,,,,,,,,,,,,
9/24/2024 14:31,PM1,49.05,55.67,36.1,39.57,23.56,26.51,6.04,7.31,5.22,5.43,4.25,4.68,30,29.5,28.9,35,68.2,79,885.9,882.6
9/24/2024 14:32,PM1,51.35,56.03,36.95,41.22,23.89,28.2,6.93,6.99,5.27,5.85,4.46,4.98,30,29.5,28.9,35,67.2,77.9,885.9,882.6
9/24/2024 14:33,PM1,51.19,57.78,36.56,42.02,23.75,28.5,7.08,6.78,5.74,5.26,4.18,4.78,30,29.5,28.9,35.1,67.5,78.1,885.9,882.6
9/24/2024 14:34,PM1,52.3,58.19,37.75,42.01,25.52,29.17,6.8,7.42,5.67,5.93,4.62,4.87,30,29.5,28.9,35.4,67.4,78.1,885.9,882.6
9/24/2024 14:35,PM1,53.19,60.06,38.82,42.99,26.18,29.58,7.14,7.33,6.23,6.19,4.67,5.16,30,29.5,28.9,35.4,66.9,77.3,885.9,882.6
9/24/2024 14:36,PM1,54.61,59.25,39.09,42.85,26.4,29.67,6.73,7.06,5.84,6.62,4.94,4.51,30,29.5,28.9,34.9,66.7,76.9,886,882.6
9/24/2024 14:37,PM1,54.88,60.46,39.37,44.78,26.58,28.7,6.93,7.38,5.75,6.13,4.86,4.37,30,29.5,28.9,34.8,66.7,76.7,886,882.6
9/24/2024 14:38,PM1,55.61,62,40.68,44.64,28.1,29.82,7.01,7.23,6.1,6.07,4.89,4.72,30,29.5,28.9,34.9,66,75.6,886,882.6
9/24/2024 14:39,PM1,56.13,61.97,41.09,44.19,27.16,30.07,6.77,7.85,5.84,5.91,5.09,5.33,30,29.5,28.9,34.7,64.9,74.1,886,882.7
9/24/2024 14:40,PM1,55.49,60.69,40.63,43.77,26.98,29.1,6.87,7.49,6.14,6.17,4.65,5.06,30,29.5,28.9,34.4,64.1,73.1,886,882.6
9/24/2024 14:41,PM1,54.1,58.18,39.17,42.16,26.01,28.43,7.36,6.7,5.99,5.82,4.58,4.4,30,29.5,29,34.4,62.7,71.3,885.9,882.6
9/24/2024 14:42,PM1,52.44,55.86,38.18,39.18,25.07,26.31,6.51,6.39,5.74,5.81,4.41,4.87,30,29.5,28.9,34.7,60.3,68.4,885.9,882.6
9/24/2024 14:43,PM1,51.13,52.49,36.82,39.33,24.03,25.13,6.35,6.57,5.29,5.46,4.29,4.62,30,29.5,28.9,34.8,57.7,65.5,885.9,882.6
9/24/2024 14:44,PM1,49.49,51.3,35.81,36.65,23.29,24.55,6.38,7.27,5.61,5.51,4.6,4.36,30,29.5,28.9,34.5,55.2,62.7,885.9,882.6
9/24/2024 14:45,PM1,48.35,49.97,35.06,35.09,23.02,22.66,6.23,6.28,5.22,5.36,4.11,4.52,30,29.5,28.9,34.4,53,60.3,885.9,882.6
9/24/2024 14:46,PM1,47.55,46.66,34.32,33.99,22.24,23.09,6.01,5.87,5.14,4.96,4.67,3.81,30,29.5,28.9,34.5,51.2,58.5,885.9,882.6
9/24/2024 14:47,PM1,45.95,46.21,32.86,32.52,21.37,20.88,5.77,6.03,5.04,5.38,3.61,3.82,30,29.5,28.9,34.5,49.8,57.2,885.9,882.6
9/24/2024 14:48,PM1,44.15,44.94,32.55,32.79,20.82,21.04,5.66,5.61,4.86,5.12,3.56,4.31,30,29.5,28.9,34.1,48.2,55.6,885.9,882.6
9/24/2024 14:49,PM1,43.5,43.61,30.89,30.52,20.78,19.57,5.36,5.59,4.92,5,4.02,4.27,30,29.5,28.8,34.3,47.6,55,885.9,882.6
9/24/2024 14:50,PM1,43.82,42.21,31.92,30.53,20.4,19.75,6.01,6.25,4.91,4.6,3.8,3.78,30,29.5,28.9,34.4,46.6,54.2,885.9,882.6
9/24/2024 14:51,PM1,44.12,43.36,32.54,30.4,20.98,20.41,6.08,5.47,5.04,4.98,3.8,3.98,30,29.5,28.9,34.2,45.9,53.4,885.9,882.6
9/24/2024 14:52,PM1,45.47,44.32,33.23,32.07,21.97,20.78,5.84,5.62,4.82,5.31,4.46,4.05,30,29.5,28.8,34.2,45.4,53,885.9,882.6
9/24/2024 14:53,PM1,46.24,46.15,34.24,32.12,21.93,21.03,5.92,6.28,5.12,4.94,4.29,4.04,30,29.5,28.7,34.5,45.2,52.7,885.9,882.6
9/24/2024 14:54,PM1,48.7,46.71,35.36,32.81,22.49,22.12,6.36,6.06,5.16,5.16,3.79,4.1,30,29.5,28.8,34.4,44.6,52.1,885.9,882.6
9/24/2024 14:55,PM1,48.89,48.01,34.41,33.78,23.64,22.25,6.5,6.12,4.83,5.55,3.83,4.35,30,29.5,28.8,34.5,44.4,51.8,885.9,882.5
9/24/2024 14:56,PM1,49.1,48.19,35.17,34.95,23.47,22.78,6.46,6.06,5.34,5.45,4.3,4.29,30,29.5,28.8,34.4,44,51.2,885.9,882.5
9/24/2024 14:57,PM1,50.21,49.27,37.16,35.23,23.56,22.98,6.42,6.34,5.6,5.29,4.35,4.69,30,29.5,28.8,34.2,43.6,50.7,885.9,882.5
9/24/2024 14:58,PM1,52.21,49.98,37.89,36.91,24.45,24.11,6.73,6.46,5.2,5.63,4.57,4.73,30,29.5,28.8,34.2,43.6,50.5,885.9,882.5
9/24/2024 14:59,PM1,52.62,51.19,37.49,36.63,24.85,24.89,6.5,6.37,5.59,5.83,4.77,4.61,30,29.5,28.9,34.5,43.7,50.3,885.8,882.5
